Date;Composite;S&P 500 (SP50)
06/07/24;568,01;569,41
06/06/24;568,01;569,41
06/05/24;568,13;569,52
06/04/24;561,49;562,86
06/03/24;560,65;562,01
05/31/24;560,03;561,38
05/30/24;555,56;556,91
05/29/24;558,89;560,26
05/28/24;563,04;564,42
05/24/24;562,91;564,28
05/23/24;559,00;560,36
05/22/24;563,17;564,52
05/21/24;564,71;566,05
05/20/24;563,31;564,64
05/17/24;562,80;564,12
05/16/24;562,14;563,47
05/15/24;563,29;564,64
05/14/24;556,76;558,11
05/13/24;554,08;555,42
05/10/24;554,21;555,55
05/09/24;553,29;554,64
05/08/24;550,48;551,83
05/07/24;550,48;551,83
05/06/24;549,75;551,09
05/03/24;544,14;545,46
05/02/24;537,40;538,69
05/01/24;532,56;533,82
04/30/24;534,38;535,66
04/29/24;542,87;544,22
04/26/24;541,15;542,50
04/25/24;535,69;537,02
04/24/24;538,15;539,48
04/23/24;538,05;539,37
04/22/24;531,69;532,99
04/19/24;527,09;528,38
04/18/24;531,74;533,05
04/17/24;532,91;534,23
04/16/24;536,00;537,33
04/15/24;537,11;538,44
04/12/24;543,64;544,99
04/11/24;551,67;553,04
04/10/24;547,59;548,95
04/09/24;552,81;554,19
04/08/24;552,01;553,39
04/05/24;552,21;553,60
04/04/24;546,15;547,52
04/03/24;552,98;554,36
04/02/24;552,38;553,76
04/01/24;556,41;557,80
03/28/24;557,49;558,92
03/27/24;556,86;558,30
03/26/24;552,09;553,52
03/25/24;553,65;555,07
03/22/24;555,36;556,78
03/21/24;556,15;557,56
03/20/24;554,36;555,76
03/19/24;549,45;550,85
03/18/24;546,37;547,76
03/15/24;542,94;544,32
03/14/24;546,47;547,87
03/13/24;548,04;549,45
03/12/24;549,07;550,51
03/11/24;542,96;544,41
03/08/24;543,57;545,02
03/07/24;547,13;548,60
03/06/24;541,56;543,01
03/05/24;538,79;540,23
03/04/24;544,33;545,79
03/01/24;544,98;546,45
02/29/24;540,66;542,11
02/28/24;537,84;539,29
02/27/24;538,74;540,18
02/26/24;537,82;539,26
02/23/24;539,87;541,31
02/22/24;539,68;541,12
02/21/24;528,52;529,93
02/20/24;527,86;529,26
02/16/24;531,04;532,46
02/15/24;533,61;535,03
02/14/24;530,52;531,93
02/13/24;525,49;526,88
02/12/24;532,78;534,19
02/09/24;533,28;534,70
02/08/24;530,24;531,64
02/07/24;529,94;531,34
02/06/24;525,61;527,00
02/05/24;524,40;525,78
02/02/24;526,08;527,46
02/01/24;520,53;521,89
01/31/24;514,11;515,45
01/30/24;522,52;523,88
01/29/24;522,84;524,20
01/26/24;518,92;520,27
01/25/24;519,26;520,61
01/24/24;516,53;517,88
01/23/24;516,13;517,46
01/22/24;514,70;515,95
01/19/24;513,57;514,83
01/18/24;507,32;508,56
01/17/24;502,90;504,12
01/16/24;505,75;506,97
01/12/24;507,64;508,87
01/11/24;507,27;508,49
01/10/24;507,60;508,83
01/09/24;504,75;505,96
01/08/24;505,50;506,71
01/05/24;498,47;499,66
01/04/24;497,56;498,75
01/03/24;499,26;500,46
01/02/24;503,31;504,51
12/29/23;506,16;507,38
12/28/23;507,60;508,82
12/27/23;507,41;508,63
12/26/23;506,68;507,90
12/22/23;504,54;505,76
12/21/23;503,70;504,93
12/20/23;498,55;499,78
12/19/23;505,99;507,23
12/18/23;503,04;504,27
12/15/23;500,78;501,99
12/14/23;500,82;502,03
12/13/23;499,48;500,71
12/12/23;492,76;493,96
12/11/23;490,51;491,70
12/08/23;488,59;489,78
12/07/23;486,60;487,78
12/06/23;482,76;483,93
12/05/23;484,64;485,82
12/04/23;484,93;486,10
12/01/23;487,54;488,74
11/30/23;484,69;485,89
11/29/23;482,86;484,06
11/28/23;483,32;484,52
11/27/23;482,84;484,04
11/24/23;483,78;484,99
11/22/23;483,48;484,70
11/21/23;481,52;482,74
11/20/23;482,50;483,72
11/17/23;478,97;480,17
11/16/23;478,36;479,56
11/15/23;477,80;478,98
11/14/23;477,03;478,22
11/13/23;468,09;469,27
11/10/23;468,49;469,66
11/09/23;461,28;462,44
11/08/23;465,04;466,21
11/07/23;464,58;465,74
11/06/23;463,27;464,42
11/03/23;462,46;463,61
11/02/23;458,15;459,29
11/01/23;449,67;450,79
10/31/23;445,01;446,11
10/30/23;442,14;443,24
10/27/23;436,89;437,98
10/26/23;439,00;440,09
10/25/23;444,25;445,36
10/24/23;450,71;451,84
10/23/23;447,44;448,58
10/20/23;448,20;449,34
10/19/23;453,91;455,06
10/18/23;457,79;458,96
10/17/23;464,02;465,19
10/16/23;464,06;465,24
10/13/23;459,19;460,36
10/12/23;461,51;462,68
10/11/23;464,41;465,59
10/10/23;462,43;463,60
10/09/23;460,03;461,20
10/06/23;457,15;458,31
10/05/23;451,81;452,96
10/04/23;452,40;453,55
10/03/23;448,77;449,90
10/02/23;455,03;456,17
09/29/23;455,01;456,13
09/28/23;456,24;457,37
09/27/23;453,57;454,69
09/26/23;453,47;454,59
09/25/23;460,25;461,39
09/22/23;458,42;459,54
09/21/23;459,48;460,60
09/20/23;467,14;468,28
09/19/23;471,57;472,72
09/18/23;472,59;473,74
09/15/23;472,25;473,39
09/14/23;478,07;479,22
09/13/23;474,07;475,22
09/12/23;473,52;474,63
09/11/23;476,23;477,34
09/08/23;473,04;474,16
09/07/23;472,37;473,48
09/06/23;473,89;475,01
09/05/23;477,22;478,34
09/01/23;479,23;480,36
08/31/23;478,36;479,49
08/30/23;479,11;480,26
08/29/23;477,29;478,43
08/28/23;470,47;471,58
08/25/23;467,51;468,65
08/24/23;464,39;465,52
08/23/23;470,73;471,87
08/22/23;465,59;466,72
08/21/23;466,88;468,02
08/18/23;463,70;464,82
08/17/23;463,78;464,89
08/16/23;467,38;468,50
08/15/23;470,93;472,07
08/14/23;476,44;477,58
08/11/23;473,73;474,85
08/10/23;474,23;475,36
08/09/23;474,11;475,24
08/08/23;477,47;478,61
08/07/23;479,50;480,64
08/04/23;475,22;476,34
08/03/23;477,76;478,88
08/02/23;478,98;480,10
08/01/23;485,71;486,84
07/31/23;487,01;488,14
07/28/23;486,30;487,43
07/27/23;481,54;482,66
07/26/23;484,66;485,78
07/25/23;484,72;485,85
07/24/23;483,33;484,49
07/21/23;481,39;482,54
07/20/23;481,23;482,39
07/19/23;484,50;485,67
07/18/23;483,36;484,53
07/17/23;479,94;481,10
07/14/23;478,10;479,26
07/13/23;478,59;479,75
07/12/23;474,57;475,72
07/11/23;471,09;472,22
07/10/23;467,91;469,05
07/07/23;466,79;467,93
07/06/23;468,12;469,27
07/05/23;471,87;473,02
07/03/23;472,81;473,95
06/30/23;472,25;473,40
06/29/23;466,53;467,66
06/28/23;464,45;465,58
06/27/23;464,62;465,74
06/26/23;459,37;460,47
06/23/23;461,44;462,54
06/22/23;465,00;466,11
06/21/23;463,29;464,39
06/20/23;465,73;466,84
06/16/23;467,96;469,06
06/15/23;469,68;470,79
06/14/23;464,02;465,13
06/13/23;463,65;464,74
06/12/23;460,45;461,55
06/09/23;456,19;457,28
06/08/23;455,68;456,76
06/07/23;452,88;453,95
06/06/23;454,59;455,69
06/05/23;453,53;454,62
06/02/23;454,46;455,53
06/01/23;447,91;449,00
05/31/23;443,54;444,62
05/30/23;446,28;447,35
05/26/23;446,28;447,35
05/25/23;440,54;441,58
05/24/23;436,72;437,75
05/23/23;439,96;440,98
05/22/23;444,95;445,98
05/19/23;444,86;445,91
05/18/23;445,51;446,56
05/17/23;441,35;442,38
05/16/23;436,16;437,18
05/15/23;438,97;439,99
05/12/23;437,67;438,69
05/11/23;438,37;439,39
05/10/23;439,12;440,13
05/09/23;437,16;438,17
05/08/23;439,17;440,18
05/05/23;438,98;439,99
05/04/23;431,02;432,00
05/03/23;434,16;435,15
05/02/23;437,21;438,21
05/01/23;442,35;443,35
04/28/23;442,52;443,52
04/27/23;438,90;439,89
04/26/23;430,47;431,45
04/25/23;432,14;433,11
04/24/23;439,08;440,07
04/21/23;438,70;439,70
04/20/23;438,31;439,30
04/19/23;440,94;441,93
04/18/23;440,97;441,97
04/17/23;440,60;441,59
04/14/23;439,14;440,13
04/13/23;440,06;441,05
04/12/23;434,29;435,27
04/11/23;436,10;437,08
04/10/23;436,10;437,10
04/06/23;435,66;436,66
04/05/23;434,11;435,11
04/04/23;435,20;436,19
04/03/23;437,75;438,74
03/31/23;436,14;437,12
03/30/23;429,93;430,90
03/29/23;427,49;428,45
03/28/23;421,49;422,44
03/27/23;422,15;423,10
03/24/23;421,46;422,41
03/23/23;419,09;420,04
03/22/23;417,85;418,79
03/21/23;424,85;425,80
03/20/23;419,42;420,34
03/17/23;415,71;416,62
03/16/23;420,34;421,27
03/15/23;413,09;414,00
03/14/23;415,99;416,91
03/13/23;409,26;410,15
03/10/23;409,88;410,77
03/09/23;415,90;416,80
03/08/23;423,72;424,64
03/07/23;423,12;424,04
03/06/23;429,71;430,64
03/03/23;429,43;430,35
03/02/23;422,61;423,51
03/01/23;419,43;420,32
02/28/23;421,41;422,32
02/27/23;422,69;423,60
02/24/23;421,39;422,30
02/23/23;425,88;426,80
02/22/23;423,63;424,54
02/21/23;424,30;425,21
02/17/23;432,98;433,91
02/16/23;434,18;435,11
02/15/23;440,25;441,19
02/14/23;439,04;439,97
02/13/23;439,17;440,10
02/10/23;434,19;435,11
02/09/23;433,24;434,16
02/08/23;437,11;438,03
02/07/23;442,01;442,94
02/06/23;436,40;437,31
02/03/23;439,09;440,01
02/02/23;443,70;444,61
02/01/23;437,25;438,17
01/31/23;432,73;433,64
01/30/23;426,48;427,38
01/27/23;432,09;433,00
01/26/23;431,01;431,92
01/25/23;426,32;427,22
01/24/23;426,41;427,29
01/23/23;426,76;427,60
01/20/23;421,75;422,58
01/19/23;413,91;414,73
01/18/23;417,12;417,92
01/17/23;423,73;424,53
01/13/23;424,61;425,40
01/12/23;422,92;423,70
01/11/23;421,48;422,26
01/10/23;416,14;416,90
01/09/23;413,25;414,01
01/06/23;413,57;414,33
01/05/23;404,32;405,08
01/04/23;409,09;409,85
01/03/23;406,02;406,79
12/30/22;407,63;408,42
12/29/22;408,67;409,46
12/28/22;401,66;402,43
12/27/22;406,55;407,33
12/23/22;408,20;408,98
12/22/22;405,83;406,60
12/21/22;411,78;412,56
12/20/22;405,74;406,52
12/19/22;405,33;406,10
12/16/22;409,01;409,79
12/15/22;413,61;414,40
12/14/22;424,19;424,99
12/13/22;426,77;427,58
12/12/22;423,69;424,49
12/09/22;417,72;418,51
12/08/22;420,81;421,61
12/07/22;417,68;418,46
12/06/22;418,45;419,24
12/05/22;424,55;425,37
12/02/22;432,29;433,12
12/01/22;432,80;433,64
11/30/22;433,17;434,01
11/29/22;420,19;420,98
11/28/22;420,85;421,66
11/25/22;427,47;428,27
11/23/22;427,58;428,39
11/22/22;425,08;425,87
11/21/22;419,38;420,17
11/18/22;421,01;421,81
11/17/22;419,02;419,81
11/16/22;420,33;421,11
11/15/22;423,84;424,61
11/14/22;420,18;420,94
11/11/22;423,97;424,74
11/10/22;420,08;420,85
11/09/22;398,02;398,75
11/08/22;406,46;407,21
11/07/22;404,20;404,94
11/04/22;400,36;401,08
11/03/22;394,98;395,70
11/02/22;399,19;399,93
11/01/22;409,43;410,19
10/31/22;411,11;411,87
10/28/22;414,20;414,97
10/27/22;404,24;404,99
10/26/22;406,71;407,47
10/25/22;409,70;410,51
10/24/22;403,16;403,93
10/21/22;398,42;399,19
10/20/22;389,18;389,94
10/19/22;392,30;393,06
10/18/22;394,94;395,71
10/17/22;390,48;391,23
10/14/22;380,42;381,14
10/13/22;389,63;390,38
10/12/22;379,75;380,50
10/11/22;381,00;381,76
10/10/22;383,50;384,26
10/07/22;386,38;387,16
10/06/22;397,51;398,32
10/05/22;401,65;402,44
10/04/22;402,46;403,25
10/03/22;390,52;391,29
09/30/22;380,67;381,41
09/29/22;386,49;387,25
09/28/22;394,83;395,61
09/27/22;387,22;387,97
09/26/22;388,04;388,80
09/23/22;392,09;392,86
09/22/22;398,96;399,75
09/21/22;402,35;403,15
09/20/22;409,35;410,17
09/19/22;414,01;414,84
09/16/22;411,20;412,02
09/15/22;414,17;415,00
09/14/22;418,91;419,75
09/13/22;417,51;418,33
09/12/22;436,37;437,24
09/09/22;431,80;432,66
09/08/22;425,29;426,15
09/07/22;422,51;423,35
09/06/22;414,89;415,73
09/02/22;416,63;417,44
09/01/22;421,16;421,97
08/31/22;419,90;420,71
08/30/22;423,21;424,02
08/29/22;427,93;428,75
08/26/22;430,81;431,63
08/25/22;445,88;446,67
08/24/22;439,69;440,47
08/23/22;438,42;439,19
08/22/22;439,40;440,17
08/19/22;449,01;449,80
08/18/22;454,88;455,67
08/17/22;453,85;454,64
08/16/22;457,17;457,96
08/15/22;456,33;457,10
08/12/22;454,53;455,29
08/11/22;446,79;447,54
08/10/22;447,10;447,86
08/09/22;437,79;438,52
08/08/22;439,66;440,39
08/05/22;440,20;440,94
08/04/22;440,92;441,65
08/03/22;441,23;442,00
08/02/22;434,44;435,19
08/01/22;437,36;438,11
07/29/22;438,59;439,35
07/28/22;432,44;433,20
07/27/22;427,26;428,00
07/26/22;416,40;417,09
07/25/22;421,22;421,97
07/22/22;420,66;421,41
07/21/22;424,62;425,38
07/20/22;420,47;421,23
07/19/22;418,01;418,76
07/18/22;406,77;407,50
07/15/22;410,20;410,94
07/14/22;402,48;403,19
07/13/22;403,69;404,41
07/12/22;405,50;406,22
07/11/22;409,27;410,01
07/08/22;414,03;414,79
07/07/22;414,38;415,13
07/06/22;408,29;409,01
07/05/22;406,83;407,56
07/01/22;406,18;406,91
06/30/22;401,96;402,66
06/29/22;405,50;406,22
06/28/22;405,79;406,51
06/27/22;414,14;414,87
06/24/22;415,38;416,10
06/23/22;403,06;403,76
06/22/22;399,26;399,95
06/21/22;399,78;400,47
06/17/22;390,24;390,90
06/16/22;389,39;390,05
06/15/22;402,47;403,15
06/14/22;396,70;397,35
06/13/22;398,21;398,86
06/10/22;414,24;414,95
06/09/22;426,68;427,39
06/08/22;437,07;437,81
06/07/22;441,84;442,58
06/06/22;437,67;438,41
06/03/22;436,30;437,04
06/02/22;443,55;444,30
06/01/22;435,53;436,26
05/31/22;438,83;439,55
05/27/22;441,59;442,32
05/26/22;430,94;431,64
05/25/22;422,55;423,23
05/24/22;418,60;419,27
05/23/22;422,01;422,70
05/20/22;414,33;415,00
05/19/22;414,29;414,94
05/18/22;416,73;417,37
05/17/22;434,26;434,94
05/16/22;425,68;426,34
05/13/22;427,35;428,03
05/12/22;417,41;418,05
05/11/22;417,93;418,60
05/10/22;424,93;425,60
05/09/22;423,91;424,56
05/06/22;437,89;438,61
05/05/22;440,39;441,11
05/04/22;456,66;457,42
05/03/22;443,41;444,16
05/02/22;441,27;442,02
04/29/22;438,77;439,53
04/28/22;455,28;456,07
04/27/22;444,29;445,06
04/26/22;443,36;444,13
04/25/22;456,20;456,99
04/22/22;453,62;454,40
04/21/22;466,56;467,37
04/20/22;473,52;474,37
04/19/22;473,81;474,66
04/18/22;466,31;467,16
04/14/22;466,42;467,25
04/13/22;472,15;473,00
04/12/22;466,94;467,77
04/11/22;468,55;469,37
04/08/22;476,57;477,43
04/07/22;477,84;478,70
04/06/22;475,82;476,67
04/05/22;480,47;481,35
04/04/22;486,57;487,47
04/01/22;482,67;483,56
03/31/22;481,03;481,91
03/30/22;488,68;489,58
03/29/22;491,77;492,68
03/28/22;485,82;486,71
03/25/22;482,38;483,26
03/24/22;479,95;480,82
03/23/22;473,16;474,02
03/22/22;479,05;479,91
03/21/22;473,69;474,55
03/18/22;473,90;474,76
03/17/22;468,44;469,28
03/16/22;462,72;463,56
03/15/22;452,61;453,41
03/14/22;443,13;443,91
03/11/22;446,42;447,23
03/10/22;452,29;453,10
03/09/22;454,25;455,05
03/08/22;442,89;443,65
03/07/22;446,10;446,88
03/04/22;459,66;460,48
03/03/22;463,34;464,16
03/02/22;465,77;466,61
03/01/22;457,25;458,07
02/28/22;464,45;465,27
02/25/22;465,59;466,41
02/24/22;455,38;456,20
02/23/22;448,69;449,48
02/22/22;457,10;457,91
02/18/22;461,78;462,60
02/17/22;465,12;465,94
02/16/22;475,20;476,02
02/15/22;474,79;475,60
02/14/22;467,44;468,22
02/11/22;469,25;470,02
02/10/22;478,31;479,11
02/09/22;487,14;487,95
02/08/22;480,17;480,97
02/07/22;476,17;476,96
02/04/22;477,94;478,74
02/03/22;475,51;476,28
02/02/22;487,39;488,19
02/01/22;482,85;483,63
01/31/22;479,56;480,33
01/28/22;470,67;471,43
01/27/22;459,55;460,22
01/26/22;462,03;462,71
01/25/22;462,75;463,41
01/24/22;468,43;469,12
01/21/22;467,14;467,82
01/20/22;476,13;476,84
01/19/22;481,46;482,16
01/18/22;486,16;486,88
01/14/22;495,25;496,00
01/13/22;494,86;495,59
01/12/22;501,98;502,76
01/11/22;500,57;501,34
01/10/22;496,03;496,79
01/07/22;496,76;497,51
01/06/22;498,76;499,53
01/05/22;499,25;500,01
01/04/22;509,11;509,90
01/03/22;509,41;510,22
12/31/21;506,19;506,99
12/30/21;507,52;508,33
12/29/21;509,05;509,85
12/28/21;508,33;509,14
12/27/21;508,84;509,65
12/23/21;501,90;502,70
12/22/21;498,78;499,59
12/21/21;493,77;494,55
12/20/21;485,16;485,91
12/17/21;490,75;491,51
12/16/21;495,86;496,62
12/15/21;500,21;501,00
12/14/21;492,18;492,94
12/13/21;495,87;496,65
12/10/21;500,45;501,23
12/09/21;495,72;496,49
12/08/21;499,30;500,08
12/07/21;497,77;498,54
12/06/21;487,70;488,43
12/03/21;482,03;482,77
12/02/21;486,11;486,88
12/01/21;479,32;480,07
11/30/21;485,04;485,81
11/29/21;494,43;495,20
11/26/21;488,00;488,74
11/24/21;499,33;500,11
11/23/21;498,20;498,96
11/22/21;497,38;498,14
11/19/21;498,97;499,74
11/18/21;499,67;500,44
11/17/21;498,01;498,75
11/16/21;499,31;500,05
11/15/21;497,39;498,12
11/12/21;497,40;498,13
11/11/21;493,82;494,56
11/10/21;493,56;494,28
11/09/21;497,64;498,38
11/08/21;499,38;500,13
11/05/21;498,94;499,69
11/04/21;497,08;497,83
11/03/21;495,03;495,76
11/02/21;491,86;492,58
11/01/21;490,04;490,77
10/29/21;489,16;489,89
10/28/21;488,22;488,93
10/27/21;483,46;484,18
10/26/21;485,94;486,63
10/25/21;485,06;485,75
10/22/21;482,76;483,45
10/21/21;483,29;483,97
10/20/21;481,85;482,53
10/19/21;480,09;480,77
10/18/21;476,57;477,24
10/15/21;474,98;475,63
10/14/21;471,46;472,11
10/13/21;463,55;464,19
10/12/21;462,14;462,79
10/11/21;463,26;463,91
10/08/21;466,46;467,12
10/07/21;467,36;468,02
10/06/21;463,53;464,16
10/05/21;461,63;462,27
10/04/21;456,83;457,45
10/01/21;462,83;463,47
09/30/21;457,57;458,21
09/29/21;463,11;463,73
09/28/21;462,38;463,00
09/27/21;471,98;472,63
09/24/21;473,29;473,94
09/23/21;472,60;473,25
09/22/21;466,94;467,58
09/21/21;462,54;463,17
09/20/21;462,92;463,54
09/17/21;470,91;471,55
09/16/21;475,23;475,89
09/15/21;475,98;476,63
09/14/21;471,98;472,62
09/13/21;474,72;475,35
09/10/21;473,64;474,27
09/09/21;477,32;477,96
09/08/21;479,54;480,18
09/07/21;480,15;480,81
09/03/21;481,84;482,45
09/02/21;482,00;482,61
09/01/21;480,63;481,24
08/31/21;480,49;481,09
08/30/21;481,15;481,74
08/27/21;479,08;479,68
08/26/21;474,91;475,49
08/25/21;477,68;478,27
08/24/21;476,63;477,21
08/23/21;475,92;476,50
08/20/21;471,90;472,47
08/19/21;468,11;468,66
08/18/21;467,53;468,07
08/17/21;472,61;473,16
08/16/21;475,98;476,52
08/13/21;474,73;475,27
08/12/21;473,98;474,51
08/11/21;472,59;473,12
08/10/21;471,41;471,95
08/09/21;470,93;471,48
08/06/21;471,38;471,93
08/05/21;470,59;471,14
08/04/21;467,79;468,32
08/03/21;469,98;470,50
08/02/21;466,15;466,67
07/30/21;467,01;467,54
07/29/21;469,54;470,08
07/28/21;467,58;468,11
07/27/21;467,68;468,20
07/26/21;469,89;470,41
07/23/21;468,77;469,30
07/22/21;464,07;464,58
07/21/21;463,15;463,65
07/20/21;459,37;459,86
07/19/21;452,51;452,99
07/16/21;459,80;460,29
07/15/21;463,30;463,79
07/14/21;464,82;465,31
07/13/21;464,26;464,77
07/12/21;465,89;466,41
07/09/21;464,30;464,80
07/08/21;459,12;459,62
07/07/21;463,08;463,59
07/06/21;461,52;462,04
07/02/21;462,47;462,97
07/01/21;459,03;459,52
06/30/21;456,65;457,14
06/29/21;456,03;456,53
06/28/21;455,91;456,40
06/25/21;454,85;455,35
06/24/21;453,33;453,84
06/23/21;450,71;451,22
06/22/21;451,22;451,71
06/21/21;448,92;449,40
06/18/21;442,72;443,20
06/17/21;448,61;449,09
06/16/21;448,82;449,29
06/15/21;451,27;451,72
06/14/21;452,18;452,63
06/11/21;451,37;451,81
06/10/21;450,50;450,93
06/09/21;448,41;448,85
06/08/21;449,24;449,67
06/07/21;449,16;449,59
06/04/21;449,53;449,95
06/03/21;445,59;446,01
06/02/21;447,21;447,63
06/01/21;446,56;446,98
05/28/21;446,78;447,20
05/27/21;446,44;446,86
05/26/21;445,91;446,34
05/25/21;445,08;445,50
05/24/21;446,03;446,45
05/21/21;441,66;442,07
05/20/21;442,00;442,42
05/19/21;437,41;437,80
05/18/21;438,70;439,09
05/17/21;442,47;442,86
05/14/21;443,58;443,99
05/13/21;437,07;437,46
05/12/21;431,80;432,20
05/11/21;441,27;441,67
05/10/21;445,14;445,54
05/07/21;449,80;450,23
05/06/21;446,51;446,94
05/05/21;442,90;443,32
05/04/21;442,58;443,01
05/03/21;445,54;445,99
04/30/21;444,31;444,76
04/29/21;447,54;447,99
04/28/21;444,52;444,98
04/27/21;444,88;445,35
04/26/21;445,01;445,45
04/23/21;444,24;444,66
04/22/21;439,44;439,85
04/21/21;443,51;443,94
04/20/21;439,42;439,85
04/19/21;442,42;442,86
04/16/21;444,78;445,22
04/15/21;443,18;443,62
04/14/21;438,32;438,75
04/13/21;440,11;440,55
04/12/21;438,68;439,11
04/09/21;438,77;439,19
04/08/21;435,40;435,83
04/07/21;433,57;434,00
04/06/21;432,93;433,36
04/05/21;433,36;433,78
04/01/21;427,19;427,61
03/31/21;422,21;422,61
03/30/21;420,70;421,08
03/29/21;422,04;422,42
03/26/21;422,40;422,78
03/25/21;415,50;415,87
03/24/21;413,32;413,70
03/23/21;415,58;415,97
03/22/21;418,77;419,17
03/19/21;415,85;416,25
03/18/21;416,12;416,50
03/17/21;422,32;422,74
03/16/21;421,10;421,53
03/15/21;421,77;422,19
03/12/21;419,03;419,47
03/11/21;418,61;419,04
03/10/21;414,31;414,73
03/09/21;411,81;412,24
03/08/21;406,10;406,49
03/05/21;408,26;408,68
03/04/21;400,46;400,86
03/03/21;405,89;406,31
03/02/21;411,24;411,69
03/01/21;414,58;415,05
02/26/21;404,96;405,40
02/25/21;406,91;407,34
02/24/21;417,09;417,56
02/23/21;412,41;412,87
02/22/21;411,90;412,35
02/19/21;415,10;415,57
02/18/21;415,89;416,34
02/17/21;417,71;418,19
02/16/21;417,84;418,32
02/12/21;418,09;418,56
02/11/21;416,13;416,60
02/10/21;415,46;415,91
02/09/21;415,61;416,05
02/08/21;416,07;416,51
02/05/21;413,01;413,45
02/04/21;411,40;411,85
02/03/21;406,98;407,43
02/02/21;406,57;407,02
02/01/21;401,01;401,44
01/29/21;394,70;395,10
01/28/21;402,50;402,87
01/27/21;398,64;398,98
01/26/21;409,05;409,50
01/25/21;409,62;410,11
01/22/21;408,14;408,63
01/21/21;409,38;409,86
01/20/21;409,25;409,73
01/19/21;403,63;404,10
01/15/21;400,36;400,84
01/14/21;403,26;403,74
01/13/21;404,77;405,26
01/12/21;403,86;404,34
01/11/21;403,68;404,18
01/08/21;406,35;406,84
01/07/21;404,15;404,62
01/06/21;398,28;398,70
01/05/21;396,01;396,44
01/04/21;393,23;393,65
12/31/20;399,13;399,54
12/30/20;396,57;396,99
12/29/20;396,04;396,46
12/28/20;396,93;397,34
12/24/20;393,51;393,91
12/23/20;392,12;392,52
12/22/20;391,83;392,22
12/21/20;392,65;393,04
12/18/20;394,19;394,58
12/17/20;395,58;395,97
12/16/20;393,31;393,70
12/15/20;392,61;393,01
12/14/20;387,61;387,99
12/11/20;389,31;389,69
12/10/20;389,79;390,19
12/09/20;390,31;390,69
12/08/20;393,41;393,82
12/07/20;392,30;392,73
12/04/20;393,08;393,49
12/03/20;389,64;390,04
12/02/20;389,88;390,28
12/01/20;389,18;389,59
11/30/20;384,87;385,24
11/27/20;386,66;387,02
11/25/20;385,74;386,10
11/24/20;386,35;386,71
11/23/20;380,21;380,56
11/20/20;378,07;378,43
11/19/20;380,64;381,01
11/18/20;379,15;379,52
11/17/20;383,59;383,96
11/16/20;385,43;385,81
11/13/20;380,98;381,36
11/12/20;375,86;376,24
11/11/20;379,65;380,03
11/10/20;376,78;377,15
11/09/20;377,27;377,68
11/06/20;372,92;373,31
11/05/20;373,02;373,42
11/04/20;365,90;366,29
11/03/20;358,06;358,39
11/02/20;351,81;352,12
10/30/20;347,52;347,84
10/29/20;351,76;352,11
10/28/20;347,62;347,95
10/27/20;360,32;360,68
10/26/20;361,44;361,77
10/23/20;368,29;368,62
10/22/20;367,03;367,36
10/21/20;365,12;365,45
10/20/20;365,94;366,25
10/19/20;364,21;364,53
10/16/20;370,25;370,58
10/15/20;370,19;370,53
10/14/20;370,75;371,10
10/13/20;373,20;373,57
10/12/20;375,58;375,95
10/09/20;369,53;369,87
10/08/20;366,31;366,65
10/07/20;363,40;363,74
10/06/20;357,17;357,51
10/05/20;362,23;362,59
10/02/20;355,84;356,18
10/01/20;359,26;359,63
09/30/20;357,38;357,73
09/29/20;354,46;354,80
09/28/20;356,18;356,52
09/25/20;350,54;350,87
09/24/20;345,04;345,35
09/23/20;344,01;344,32
09/22/20;352,37;352,69
09/21/20;348,70;349,02
09/18/20;352,82;353,10
09/17/20;356,82;357,10
09/16/20;359,82;360,12
09/15/20;361,47;361,80
09/14/20;359,61;359,92
09/11/20;355,08;355,39
09/10/20;354,87;355,20
09/09/20;361,22;361,56
09/08/20;354,10;354,42
09/04/20;364,19;364,54
09/03/20;367,17;367,53
09/02/20;380,52;380,91
09/01/20;374,75;375,14
08/31/20;371,95;372,34
08/28/20;372,78;373,16
08/27/20;370,29;370,66
08/26/20;369,67;370,04
08/25/20;365,94;366,31
08/24/20;364,64;365,00
08/21/20;361,01;361,37
08/20/20;359,78;360,13
08/19/20;358,66;358,99
08/18/20;360,24;360,58
08/17/20;359,42;359,75
08/14/20;358,46;358,78
08/13/20;358,52;358,84
08/12/20;359,24;359,58
08/11/20;354,29;354,61
08/10/20;357,12;357,46
08/07/20;356,13;356,49
08/06/20;355,89;356,26
08/05/20;353,62;353,98
08/04/20;351,34;351,72
08/03/20;350,07;350,46
07/31/20;347,58;347,96
07/30/20;344,95;345,31
07/29/20;346,27;346,61
07/28/20;342,03;342,35
07/27/20;344,30;344,59
07/24/20;341,76;342,06
07/23/20;343,88;344,19
07/22/20;348,15;348,48
07/21/20;346,16;346,49
07/20/20;345,58;345,91
07/17/20;342,72;343,02
07/16/20;341,76;342,05
07/15/20;342,91;343,22
07/14/20;339,83;340,13
07/13/20;335,33;335,63
07/10/20;338,48;338,80
07/09/20;334,97;335,29
07/08/20;336,89;337,20
07/07/20;334,28;334,58
07/06/20;337,94;338,24
07/02/20;332,67;332,95
07/01/20;331,16;331,44
06/30/20;329,51;329,79
06/29/20;324,52;324,78
06/26/20;319,82;320,08
06/25/20;327,75;328,03
06/24/20;324,19;324,47
06/23/20;332,81;333,08
06/22/20;331,38;331,66
06/19/20;329,26;329,52
06/18/20;331,13;331,39
06/17/20;330,93;331,19
06/16/20;332,13;332,39
06/15/20;325,95;326,20
06/12/20;323,26;323,51
06/11/20;319,08;319,34
06/10/20;339,08;339,34
06/09/20;340,91;341,16
06/08/20;343,58;343,84
06/05/20;339,51;339,75
06/04/20;330,83;331,07
06/03/20;331,94;332,19
06/02/20;327,46;327,72
06/01/20;324,79;325,05
05/29/20;323,58;323,83
05/28/20;322,04;322,28
05/27/20;322,73;322,96
05/26/20;317,99;318,24
05/22/20;314,10;314,38
05/21/20;313,37;313,64
05/20/20;315,84;316,10
05/19/20;310,67;310,92
05/18/20;313,96;314,22
05/15/20;304,33;304,62
05/14/20;303,13;303,43
05/13/20;299,69;299,97
05/12/20;305,03;305,30
05/11/20;311,44;311,71
05/08/20;311,40;311,65
05/07/20;306,23;306,48
05/06/20;302,76;303,00
05/05/20;304,89;305,12
05/04/20;302,17;302,39
05/01/20;300,90;301,11
04/30/20;309,58;309,80
04/29/20;312,47;312,68
04/28/20;304,42;304,59
04/27/20;305,99;306,19
04/24/20;301,53;301,75
04/23/20;297,38;297,61
04/22/20;297,54;297,77
04/21/20;290,88;291,10
04/20/20;300,07;300,31
04/17/20;305,53;305,78
04/16/20;297,57;297,80
04/15/20;295,86;296,07
04/14/20;302,53;302,74
04/13/20;293,56;293,76
04/09/20;296,56;296,76
04/08/20;292,34;292,52
04/07/20;282,72;282,89
04/06/20;283,15;283,34
04/03/20;264,56;264,72
04/02/20;268,64;268,79
04/01/20;262,63;262,79
03/31/20;274,74;274,93
03/30/20;279,21;279,40
03/27/20;270,15;270,34
03/26/20;279,56;279,77
03/25/20;263,16;263,33
03/24/20;260,17;260,33
03/23/20;237,83;238,00
03/20/20;245,03;245,18
03/19/20;256,18;256,29
03/18/20;254,98;255,09
03/17/20;268,86;269,04
03/16/20;253,67;253,82
03/13/20;288,17;288,38
03/12/20;263,71;263,87
03/11/20;291,42;291,61
03/10/20;306,39;306,59
03/09/20;291,95;292,16
03/06/20;315,94;316,18
03/05/20;321,39;321,67
03/04/20;332,66;332,96
03/03/20;319,18;319,48
03/02/20;328,43;328,72
02/28/20;313,99;314,25
02/27/20;316,60;316,86
02/26/20;331,18;331,50
02/25/20;332,42;332,76
02/24/20;342,80;343,15
02/21/20;354,68;355,05
02/20/20;358,45;358,82
02/19/20;359,83;360,20
02/18/20;358,14;358,51
02/14/20;359,20;359,56
02/13/20;358,54;358,90
02/12/20;359,14;359,48
02/11/20;356,84;357,17
02/10/20;356,22;356,57
02/07/20;353,64;353,98
02/06/20;355,57;355,90
02/05/20;354,39;354,72
02/04/20;350,43;350,77
02/03/20;345,27;345,60
01/31/20;342,80;343,11
01/30/20;348,99;349,29
01/29/20;347,89;348,20
01/28/20;348,22;348,50
01/27/20;344,82;345,03
01/24/20;350,33;350,55
01/23/20;353,52;353,75
01/22/20;353,12;353,34
01/21/20;353,02;353,24
01/17/20;353,97;354,18
01/16/20;352,61;352,82
01/15/20;349,69;349,89
01/14/20;349,05;349,24
01/13/20;349,57;349,77
01/10/20;347,15;347,35
01/09/20;348,15;348,34
01/08/20;345,85;346,04
01/07/20;344,15;344,35
01/06/20;345,12;345,32
01/03/20;343,91;344,10
01/02/20;346,36;346,55
12/31/19;343,47;343,67
12/30/19;342,46;342,66
12/27/19;344,45;344,65
12/26/19;344,43;344,64
12/24/19;342,68;342,88
12/23/19;342,76;342,95
12/20/19;342,45;342,65
12/19/19;340,75;340,96
12/18/19;339,22;339,45
12/17/19;339,37;339,60
12/16/19;339,26;339,48
12/13/19;336,85;337,07
12/12/19;336,82;337,05
12/11/19;333,97;334,18
12/10/19;333,00;333,22
12/09/19;333,38;333,58
12/06/19;334,44;334,64
12/05/19;331,38;331,61
12/04/19;330,90;331,11
12/03/19;328,82;329,03
12/02/19;331,03;331,23
11/29/19;333,91;334,12
11/27/19;335,25;335,46
11/26/19;333,86;334,07
11/25/19;333,13;333,33
11/22/19;330,64;330,85
11/21/19;329,91;330,13
11/20/19;330,45;330,66
11/19/19;331,71;331,90
11/18/19;331,90;332,10
11/15/19;331,75;331,93
11/14/19;329,22;329,40
11/13/19;328,94;329,12
11/12/19;328,71;328,89
11/11/19;328,19;328,37
11/08/19;328,85;329,02
11/07/19;328,02;328,18
11/06/19;327,13;327,29
11/05/19;326,91;327,06
11/04/19;327,29;327,44
11/01/19;326,06;326,24
10/31/19;322,92;323,11
10/30/19;323,92;324,09
10/29/19;322,87;323,04
10/28/19;323,14;323,31
10/25/19;321,33;321,52
10/24/19;320,01;320,21
10/23/19;319,44;319,60
10/22/19;318,53;318,69
10/21/19;319,66;319,83
10/18/19;317,46;317,65
10/17/19;318,71;318,90
10/16/19;317,83;318,02
10/15/19;318,47;318,66
10/14/19;315,32;315,52
10/11/19;315,75;315,96
10/10/19;312,30;312,54
10/09/19;310,31;310,55
10/08/19;307,52;307,74
10/07/19;312,38;312,61
10/04/19;313,80;314,01
10/03/19;309,41;309,61
10/02/19;306,97;307,16
10/01/19;312,57;312,76
09/30/19;316,47;316,64
09/27/19;314,89;315,05
09/26/19;316,56;316,74
09/25/19;317,33;317,51
09/24/19;315,40;315,57
09/23/19;318,08;318,24
09/20/19;318,11;318,28
09/19/19;319,67;319,84
09/18/19;319,67;319,83
09/17/19;319,56;319,72
09/16/19;318,75;318,90
09/13/19;319,76;319,90
09/12/19;319,99;320,14
09/11/19;319,06;319,22
09/10/19;316,78;316,93
09/09/19;316,66;316,82
09/06/19;316,68;316,85
09/05/19;316,39;316,57
09/04/19;312,31;312,50
09/03/19;308,97;309,15
08/30/19;311,12;311,30
08/29/19;310,92;311,10
08/28/19;307,02;307,20
08/27/19;305,02;305,20
08/26/19;306,00;306,18
08/23/19;302,68;302,86
08/22/19;310,75;310,92
08/21/19;310,91;311,08
08/20/19;308,37;308,54
08/19/19;310,83;311,00
08/16/19;307,12;307,28
08/15/19;302,74;302,91
08/14/19;302,01;302,16
08/13/19;311,13;311,28
08/12/19;306,60;306,75
08/09/19;310,31;310,47
08/08/19;312,37;312,53
08/07/19;306,63;306,78
08/06/19;306,40;306,54
08/05/19;302,48;302,60
08/02/19;311,77;311,89
08/01/19;314,07;314,18
07/31/19;316,92;317,03
07/30/19;320,41;320,52
07/29/19;321,23;321,35
07/26/19;321,73;321,87
07/25/19;319,41;319,51
07/24/19;321,10;321,20
07/23/19;319,59;319,70
07/22/19;317,41;317,53
07/19/19;316,51;316,63
07/18/19;318,47;318,60
07/17/19;317,35;317,46
07/16/19;319,44;319,55
07/15/19;320,50;320,64
07/12/19;320,45;320,58
07/11/19;318,95;319,11
07/10/19;318,21;318,38
07/09/19;316,78;316,95
07/08/19;316,42;316,56
07/05/19;317,96;318,10
07/03/19;318,56;318,67
07/02/19;316,13;316,25
07/01/19;315,22;315,32
06/28/19;312,82;312,92
06/27/19;311,02;311,13
06/26/19;309,84;309,95
06/25/19;310,23;310,33
06/24/19;313,20;313,31
06/21/19;313,74;313,85
06/20/19;314,14;314,25
06/19/19;311,18;311,30
06/18/19;310,26;310,37
06/17/19;307,26;307,38
06/14/19;306,97;307,10
06/13/19;307,48;307,59
06/12/19;306,23;306,34
06/11/19;306,85;306,96
06/10/19;306,95;307,07
06/07/19;305,53;305,65
06/06/19;302,35;302,47
06/05/19;300,51;300,63
06/04/19;298,09;298,19
06/03/19;291,83;291,93
05/31/19;292,63;292,75
05/30/19;296,54;296,66
05/29/19;295,92;296,04
05/28/19;297,99;298,10
05/24/19;300,51;300,62
05/23/19;300,10;300,21
05/22/19;303,73;303,83
05/21/19;304,58;304,69
05/20/19;302,01;302,12
05/17/19;304,08;304,18
05/16/19;305,87;305,96
05/15/19;303,20;303,27
05/14/19;301,45;301,50
05/13/19;299,06;299,11
05/10/19;306,44;306,50
05/09/19;305,30;305,37
05/08/19;306,24;306,29
05/07/19;306,74;306,79
05/06/19;311,89;311,94
05/03/19;313,30;313,34
05/02/19;310,32;310,34
05/01/19;310,98;311,01
04/30/19;313,35;313,36
04/29/19;313,05;313,06
04/26/19;312,73;312,72
04/25/19;311,27;311,27
04/24/19;311,56;311,38
04/23/19;312,24;312,06
04/22/19;309,51;309,33
04/18/19;309,20;309,02
04/17/19;308,71;308,53
04/16/19;309,40;309,23
04/15/19;309,24;309,08
04/12/19;309,44;309,27
04/11/19;307,40;307,24
04/10/19;307,38;307,23
04/09/19;306,32;306,16
04/08/19;308,20;308,03
04/05/19;307,88;307,71
04/04/19;306,46;306,29
04/03/19;305,81;305,65
04/02/19;305,15;305,00
04/01/19;305,15;304,99
03/29/19;301,65;301,50
03/28/19;299,64;299,49
03/27/19;298,57;298,42
03/26/19;299,96;299,81
03/25/19;297,80;297,67
03/22/19;298,06;297,92
03/21/19;303,83;303,68
03/20/19;300,57;300,42
03/19/19;301,46;301,31
03/18/19;301,50;301,35
03/15/19;300,39;300,24
03/14/19;298,90;298,75
03/13/19;299,15;299,01
03/12/19;297,09;296,94
03/11/19;296,23;296,07
03/08/19;291,93;291,79
03/07/19;292,54;292,41
03/06/19;294,95;294,81
03/05/19;296,88;296,74
03/04/19;297,23;297,08
03/01/19;298,39;298,24
02/28/19;296,36;296,19
02/27/19;297,20;297,03
02/26/19;297,37;297,20
02/25/19;297,61;297,43
02/22/19;297,24;297,06
02/21/19;295,34;295,17
02/20/19;296,39;296,22
02/19/19;295,86;295,69
02/15/19;295,42;295,25
02/14/19;292,23;292,07
02/13/19;293,04;292,85
02/12/19;292,14;291,97
02/11/19;288,40;288,25
02/08/19;288,19;288,05
02/07/19;288,00;287,85
02/06/19;290,72;290,57
02/05/19;291,36;291,22
02/04/19;289,99;289,85
02/01/19;288,04;287,90
01/31/19;287,79;287,64
01/30/19;285,34;285,19
01/29/19;280,98;280,83
01/28/19;281,37;281,23
01/25/19;283,60;283,46
01/24/19;281,20;281,07
01/23/19;280,81;280,69
01/22/19;280,20;280,07
01/18/19;284,23;284,09
01/17/19;280,52;280,39
01/16/19;278,40;278,28
01/15/19;277,78;277,67
01/14/19;274,87;274,72
01/11/19;276,32;276,17
01/10/19;276,36;276,21
01/09/19;275,12;274,97
01/08/19;274,00;273,85
01/07/19;271,37;271,22
01/04/19;269,49;269,33
01/03/19;260,54;260,39
01/02/19;267,17;267,00
12/31/18;266,83;266,66
12/28/18;264,59;264,42
12/27/18;264,92;264,74
12/26/18;262,66;262,50
12/24/18;250,25;250,09
12/21/18;257,23;257,06
12/20/18;262,63;262,47
12/19/18;266,84;266,67
12/18/18;271,02;270,84
12/17/18;270,99;270,82
12/14/18;276,73;276,56
12/13/18;282,13;281,95
12/12/18;282,17;282,00
12/11/18;280,64;280,48
12/10/18;280,75;280,58
12/07/18;280,25;280,09
12/06/18;286,94;286,78
12/04/18;287,38;287,21
12/03/18;296,99;296,82
11/30/18;293,78;293,61
11/29/18;291,39;291,22
11/28/18;292,02;291,86
11/27/18;285,47;285,31
11/26/18;284,54;284,38
11/23/18;280,19;280,03
11/21/18;282,04;281,88
11/20/18;281,20;281,03
11/19/18;286,41;286,22
11/16/18;291,26;291,07
11/15/18;290,59;290,42
11/14/18;287,51;287,37
11/13/18;289,70;289,57
11/12/18;290,12;290,00
11/09/18;295,95;295,82
11/08/18;298,70;298,57
11/07/18;299,44;299,32
11/06/18;293,21;293,11
11/05/18;291,38;291,28
11/02/18;289,76;289,66
11/01/18;291,59;291,50
10/31/18;288,54;288,46
10/30/18;285,45;285,36
10/29/18;281,04;280,96
10/26/18;282,89;282,81
10/25/18;287,86;287,80
10/24/18;282,61;282,54
10/23/18;291,62;291,54
10/22/18;293,29;293,15
10/19/18;294,54;294,42
10/18/18;294,65;294,52
10/17/18;298,95;298,82
10/16/18;299,02;298,90
10/15/18;292,73;292,61
10/12/18;294,46;294,35
10/11/18;290,34;290,22
10/10/18;296,45;296,32
10/09/18;306,53;306,39
10/08/18;306,99;306,83
10/05/18;307,10;306,95
10/04/18;308,81;308,65
10/03/18;311,35;311,20
10/02/18;311,13;310,97
10/01/18;311,23;311,10
09/28/18;310,10;309,97
09/27/18;310,10;309,97
09/26/18;309,25;309,12
09/25/18;310,27;310,14
09/24/18;310,69;310,54
09/21/18;311,80;311,64
09/20/18;311,90;311,75
09/19/18;309,48;309,33
09/18/18;309,08;308,94
09/17/18;307,42;307,29
09/14/18;309,13;309,01
09/13/18;309,05;308,93
09/12/18;307,42;307,30
09/11/18;307,34;307,19
09/10/18;306,21;306,05
09/07/18;305,63;305,47
09/06/18;306,30;306,15
09/05/18;307,42;307,27
09/04/18;308,26;308,13
08/31/18;308,78;308,64
08/30/18;308,74;308,60
08/29/18;310,10;309,98
08/28/18;308,35;308,22
08/27/18;308,26;308,13
08/24/18;305,90;305,79
08/23/18;304,01;303,91
08/22/18;304,53;304,42
08/21/18;304,66;304,54
08/20/18;304,03;303,91
08/17/18;303,30;303,18
08/16/18;302,29;302,17
08/15/18;299,91;299,80
08/14/18;302,19;302,09
08/13/18;300,28;300,18
08/10/18;301,49;301,38
08/09/18;303,66;303,54
08/08/18;304,11;303,98
08/07/18;304,20;304,06
08/06/18;303,34;303,21
08/03/18;302,28;302,14
08/02/18;300,87;300,74
08/01/18;299,41;299,27
07/31/18;299,76;299,58
07/30/18;298,26;298,12
07/27/18;299,99;299,85
07/26/18;301,97;301,83
07/25/18;302,86;302,74
07/24/18;300,12;300,01
07/23/18;298,69;298,59
07/20/18;298,16;298,04
07/19/18;298,44;298,32
07/18/18;299,62;299,51
07/17/18;298,98;298,86
07/16/18;297,80;297,68
07/13/18;298,10;297,98
07/12/18;297,77;297,66
07/11/18;295,19;295,08
07/10/18;297,31;297,19
07/09/18;296,28;296,16
07/06/18;293,68;293,57
07/05/18;291,22;291,10
07/03/18;288,73;288,61
07/02/18;290,16;290,05
06/29/18;289,28;289,16
06/28/18;289,06;288,94
06/27/18;287,29;287,17
06/26/18;289,78;289,66
06/25/18;289,14;289,02
06/22/18;293,15;293,04
06/21/18;292,60;292,50
06/20/18;294,48;294,37
06/19/18;293,99;293,87
06/18/18;295,20;295,05
06/15/18;295,83;295,68
06/14/18;296,12;295,98
06/13/18;295,40;295,25
06/12/18;296,59;296,45
06/11/18;296,08;295,93
06/08/18;295,77;295,61
06/07/18;294,85;294,69
06/06/18;295,05;294,90
06/05/18;292,54;292,40
06/04/18;292,33;292,19
06/01/18;291,02;290,89
05/31/18;287,90;287,77
05/30/18;289,89;289,76
05/29/18;286,26;286,13
05/25/18;289,61;289,48
05/24/18;290,30;290,16
05/23/18;290,88;290,75
05/22/18;289,94;289,81
05/21/18;290,87;290,72
05/18/18;288,73;288,59
05/17/18;289,49;289,35
05/16/18;289,74;289,60
05/15/18;288,59;288,42
05/14/18;290,59;290,41
05/11/18;290,33;290,16
05/10/18;289,83;289,66
05/09/18;287,14;286,97
05/08/18;284,39;284,22
05/07/18;284,46;284,30
05/04/18;283,48;283,32
05/03/18;279,88;279,73
05/02/18;280,51;280,36
05/01/18;282,54;282,40
04/30/18;281,82;281,68
04/27/18;284,15;284,01
04/26/18;283,84;283,69
04/25/18;280,93;280,76
04/24/18;280,43;280,25
04/23/18;284,31;284,05
04/20/18;284,30;284,03
04/19/18;286,74;286,48
04/18/18;288,39;288,13
04/17/18;288,16;287,89
04/16/18;285,12;284,85
04/13/18;282,82;282,56
04/12/18;283,64;283,38
04/11/18;281,32;281,06
04/10/18;282,89;282,62
04/09/18;278,23;277,97
04/06/18;277,31;277,05
04/05/18;283,53;283,25
04/04/18;281,60;281,32
04/03/18;278,39;278,11
04/02/18;274,92;274,64
03/29/18;281,21;280,92
03/28/18;277,39;277,10
03/27/18;278,19;277,91
03/26/18;283,09;282,80
03/23/18;275,61;275,32
03/22/18;281,53;281,22
03/21/18;288,83;288,48
03/20/18;289,35;289,01
03/19/18;288,92;288,58
03/16/18;293,10;292,74
03/15/18;292,59;292,24
03/14/18;292,81;292,47
03/13/18;294,51;294,15
03/12/18;296,40;296,04
03/09/18;296,78;296,42
03/08/18;291,71;291,35
03/07/18;290,41;290,06
03/06/18;290,54;290,20
03/05/18;289,78;289,43
03/02/18;286,61;286,28
03/01/18;285,18;284,83
02/28/18;289,04;288,68
02/27/18;292,30;291,92
02/26/18;296,06;295,67
02/23/18;292,60;292,24
02/22/18;288,00;287,63
02/21/18;287,69;287,35
02/20/18;289,29;288,94
02/16/18;290,99;290,63
02/15/18;290,88;290,53
02/14/18;287,41;287,06
02/13/18;283,62;283,27
02/12/18;282,87;282,53
02/09/18;278,98;278,65
02/08/18;274,89;274,55
02/07/18;285,62;285,26
02/06/18;287,05;286,69
02/05/18;282,14;281,78
02/02/18;294,22;293,82
02/01/18;300,58;300,18
01/31/18;300,79;300,38
01/30/18;300,65;300,23
01/29/18;303,97;303,54
01/26/18;306,03;305,60
01/25/18;302,43;302,02
01/24/18;302,22;301,84
01/23/18;302,38;302,01
01/22/18;301,74;301,35
01/19/18;299,34;298,94
01/18/18;298,03;297,63
01/17/18;298,52;298,12
01/16/18;295,73;295,34
01/12/18;296,77;296,38
01/11/18;294,77;294,39
01/10/18;292,72;292,34
01/09/18;293,04;292,66
01/08/18;292,66;292,28
01/05/18;292,18;291,80
01/04/18;290,14;289,76
01/03/18;288,96;288,60
01/02/18;287,13;286,76
12/29/17;284,78;284,40
12/28/17;286,25;285,88
12/27/17;285,74;285,36
12/26/17;285,51;285,13
12/22/17;285,80;285,43
12/21/17;285,93;285,57
12/20/17;285,38;285,00
12/19/17;285,63;285,24
12/18/17;286,55;286,16
12/15/17;285,02;284,63
12/14/17;282,50;282,10
12/13/17;283,66;283,25
12/12/17;283,78;283,39
12/11/17;283,36;282,95
12/08/17;282,45;282,05
12/07/17;280,92;280,50
12/06/17;280,10;279,68
12/05/17;280,13;279,72
12/04/17;281,18;280,76
12/01/17;281,48;281,06
11/30/17;282,06;281,63
11/29/17;279,75;279,34
11/28/17;279,84;279,45
11/27/17;277,12;276,72
11/24/17;277,21;276,83
11/22/17;276,64;276,26
11/21/17;276,86;276,47
11/20/17;275,06;274,67
11/17/17;274,70;274,32
11/16/17;275,42;275,04
11/15/17;273,18;272,81
11/14/17;274,70;274,32
11/13/17;275,32;274,96
11/10/17;275,05;274,69
11/09/17;275,30;274,93
11/08/17;276,35;275,97
11/07/17;275,95;275,57
11/06/17;276,00;275,63
11/03/17;275,67;275,28
11/02/17;274,82;274,43
11/01/17;274,76;274,37
10/31/17;274,32;273,94
10/30/17;274,07;273,68
10/27/17;274,96;274,56
10/26/17;272,76;272,36
10/25/17;272,45;272,01
10/24/17;273,70;273,29
10/23/17;273,18;272,84
10/20/17;274,26;273,93
10/19/17;272,86;272,54
10/18/17;272,77;272,45
10/17/17;272,56;272,25
10/16/17;272,38;272,06
10/13/17;271,90;271,59
10/12/17;271,67;271,35
10/11/17;272,12;271,81
10/10/17;271,63;271,32
10/09/17;271,00;270,69
10/06/17;271,49;271,18
10/05/17;271,78;271,47
10/04/17;270,26;269,95
10/03/17;269,92;269,61
10/02/17;269,33;269,03
09/29/17;268,27;267,99
09/28/17;267,29;267,00
09/27/17;266,97;266,68
09/26/17;265,89;265,60
09/25/17;265,87;265,58
09/22/17;266,46;266,17
09/21/17;266,29;266,00
09/20/17;267,10;266,81
09/19/17;266,95;266,64
09/18/17;266,66;266,34
09/15/17;266,27;265,96
09/14/17;265,77;265,47
09/13/17;266,05;265,76
09/12/17;265,85;265,56
09/11/17;264,96;264,67
09/08/17;262,11;261,83
09/07/17;262,49;262,22
09/06/17;262,52;262,27
09/05/17;261,70;261,45
09/01/17;263,70;263,44
08/31/17;263,18;262,92
08/30/17;261,69;261,42
08/29/17;260,49;260,22
08/28/17;260,27;260,00
08/25/17;260,14;259,87
08/24/17;259,71;259,44
08/23/17;260,25;259,98
08/22/17;261,16;260,88
08/21/17;258,60;258,31
08/18/17;258,29;258,01
08/17/17;258,78;258,49
08/16/17;262,83;262,54
08/15/17;262,45;262,17
08/14/17;262,59;262,30
08/11/17;259,98;259,69
08/10/17;259,65;259,36
08/09/17;263,45;263,17
08/08/17;263,54;263,26
08/07/17;264,18;263,90
08/04/17;263,75;263,47
08/03/17;263,26;262,97
08/02/17;263,82;263,55
08/01/17;263,67;263,42
07/31/17;263,02;262,77
07/28/17;263,20;262,96
07/27/17;263,56;263,32
07/26/17;263,81;263,57
07/25/17;263,73;263,50
07/24/17;263,03;262,73
07/21/17;263,32;263,01
07/20/17;263,42;263,11
07/19/17;263,46;263,15
07/18/17;262,06;261,74
07/17/17;261,90;261,59
07/14/17;261,92;261,60
07/13/17;260,70;260,38
07/12/17;260,22;259,90
07/11/17;258,33;258,01
07/10/17;258,53;258,21
07/07/17;258,29;257,97
07/06/17;256,65;256,33
07/05/17;259,07;258,76
07/03/17;258,70;258,38
06/30/17;258,09;257,79
06/29/17;257,70;257,39
06/28/17;259,94;259,62
06/27/17;257,68;257,36
06/26/17;259,78;259,45
06/23/17;259,70;259,37
06/22/17;259,29;258,96
06/21/17;259,42;259,08
06/20/17;259,57;259,23
06/19/17;261,31;260,98
06/16/17;259,16;258,82
06/15/17;259,07;258,75
06/14/17;259,64;259,33
06/13/17;259,90;259,59
06/12/17;258,72;258,42
06/09/17;258,97;258,67
06/08/17;259,18;258,89
06/07/17;259,11;258,82
06/06/17;258,71;258,41
06/05/17;259,43;259,13
06/02/17;259,75;259,45
06/01/17;258,78;258,49
05/31/17;256,84;256,55
05/30/17;256,95;256,67
05/26/17;257,24;256,98
05/25/17;257,16;256,90
05/24/17;256,01;255,76
05/23/17;255,38;255,13
05/22/17;254,92;254,66
05/19/17;253,60;253,35
05/18/17;251,90;251,65
05/17/17;250,98;250,72
05/16/17;255,62;255,37
05/15/17;255,80;255,54
05/12/17;254,58;254,33
05/11/17;254,96;254,70
05/10/17;255,50;255,26
05/09/17;255,23;254,97
05/08/17;255,49;255,23
05/05/17;255,49;255,22
05/04/17;254,45;254,18
05/03/17;254,29;254,03
05/02/17;254,61;254,36
05/01/17;254,30;254,05
04/28/17;253,86;253,61
04/27/17;254,35;254,10
04/26/17;254,20;253,96
04/25/17;254,33;254,08
04/24/17;252,79;252,55
04/21/17;250,07;249,84
04/20/17;250,83;250,60
04/19/17;248,95;248,72
04/18/17;249,38;249,15
04/17/17;250,10;249,87
04/13/17;247,97;247,74
04/12/17;249,67;249,44
04/11/17;250,61;250,38
04/10/17;250,96;250,74
04/07/17;250,79;250,57
04/06/17;251,00;250,77
04/05/17;250,52;250,29
04/04/17;251,28;251,06
04/03/17;251,15;250,92
03/31/17;251,56;251,33
03/30/17;252,13;251,90
03/29/17;251,39;251,16
03/28/17;251,12;250,89
03/27/17;249,32;249,08
03/24/17;249,58;249,34
03/23/17;249,79;249,55
03/22/17;250,05;249,81
03/21/17;249,58;249,34
03/20/17;252,71;252,47
03/17/17;253,21;252,98
03/16/17;253,53;253,31
03/15/17;253,95;253,73
03/14/17;251,84;251,62
03/13/17;252,70;252,47
03/10/17;252,61;252,38
03/09/17;251,78;251,56
03/08/17;251,58;251,36
03/07/17;252,15;251,93
03/06/17;252,88;252,67
03/03/17;253,71;253,50
03/02/17;253,59;253,37
03/01/17;255,07;254,87
02/28/17;251,63;251,43
02/27/17;252,28;252,08
02/24/17;252,03;251,82
02/23/17;251,65;251,45
02/22/17;251,54;251,34
02/21/17;251,79;251,61
02/17/17;250,28;250,10
02/16/17;249,87;249,68
02/15/17;250,07;249,90
02/14/17;248,84;248,66
02/13/17;247,84;247,66
02/10/17;246,54;246,37
02/09/17;245,67;245,50
02/08/17;244,26;244,09
02/07/17;244,09;243,92
02/06/17;244,03;243,87
02/03/17;244,54;244,38
02/02/17;242,78;242,62
02/01/17;242,65;242,48
01/31/17;242,57;242,41
01/30/17;242,79;242,63
01/27/17;244,27;244,09
01/26/17;244,47;244,30
01/25/17;244,65;244,48
01/24/17;242,71;242,54
01/23/17;241,15;240,96
01/20/17;241,79;241,61
01/19/17;240,99;240,80
01/18/17;241,86;241,67
01/17/17;241,42;241,24
01/13/17;242,14;241,96
01/12/17;241,70;241,51
01/11/17;242,22;242,03
01/10/17;241,53;241,35
01/09/17;241,53;241,35
01/06/17;242,39;242,21
01/05/17;241,55;241,36
01/04/17;241,73;241,55
01/03/17;240,36;240,17
12/30/16;238,35;238,15
12/29/16;239,46;239,26
12/28/16;239,53;239,33
12/27/16;241,54;241,35
12/23/16;241,00;240,81
12/22/16;240,70;240,50
12/21/16;241,14;240,95
12/20/16;241,74;241,55
12/19/16;240,86;240,67
12/16/16;240,39;240,20
12/15/16;240,80;240,62
12/14/16;239,87;239,69
12/13/16;241,84;241,65
12/12/16;240,28;240,08
12/09/16;240,55;240,35
12/08/16;239,12;238,93
12/07/16;238,60;238,42
12/06/16;235,49;235,32
12/05/16;234,69;234,52
12/02/16;233,35;233,16
12/01/16;233,26;233,07
11/30/16;234,07;233,89
11/29/16;234,70;234,52
11/28/16;234,38;234,20
11/25/16;235,62;235,44
11/23/16;234,70;234,52
11/22/16;234,51;234,33
11/21/16;234,00;233,83
11/18/16;232,29;232,10
11/17/16;232,84;232,65
11/16/16;231,75;231,57
11/15/16;232,13;231,93
11/14/16;230,41;230,21
11/11/16;230,45;230,24
11/10/16;230,77;230,56
11/09/16;230,29;230,11
11/08/16;227,79;227,59
11/07/16;226,93;226,74
11/04/16;222,00;221,81
11/03/16;222,37;222,18
11/02/16;223,34;223,16
11/01/16;224,80;224,63
10/31/16;226,33;226,17
10/28/16;226,36;226,19
10/27/16;227,06;226,90
10/26/16;227,75;227,58
10/25/16;228,14;227,97
10/24/16;229,04;228,84
10/21/16;227,95;227,76
10/20/16;227,97;227,78
10/19/16;228,28;228,09
10/18/16;227,78;227,60
10/17/16;226,40;226,20
10/14/16;227,09;226,89
10/13/16;227,04;226,85
10/12/16;227,74;227,55
10/11/16;227,48;227,29
10/10/16;230,34;230,16
10/07/16;229,29;229,10
10/06/16;230,04;229,85
10/05/16;229,93;229,74
10/04/16;228,95;228,75
10/03/16;230,10;229,89
09/30/16;230,86;230,65
09/29/16;229,04;228,82
09/28/16;231,20;230,98
09/27/16;229,98;229,76
09/26/16;228,51;228,29
09/23/16;230,49;230,27
09/22/16;231,83;231,59
09/21/16;230,34;230,10
09/20/16;227,85;227,61
09/19/16;227,77;227,54
09/16/16;227,77;227,55
09/15/16;228,64;228,41
09/14/16;226,35;226,12
09/13/16;226,49;226,26
09/12/16;229,89;229,66
09/09/16;226,57;226,34
09/08/16;232,27;232,03
09/07/16;232,78;232,55
09/06/16;232,82;232,58
09/02/16;232,13;231,89
09/01/16;231,16;230,92
08/31/16;231,16;230,93
08/30/16;231,72;231,48
08/29/16;232,17;231,93
08/26/16;230,96;230,73
08/25/16;231,33;231,09
08/24/16;231,64;231,41
08/23/16;232,86;232,63
08/22/16;232,40;232,17
08/19/16;232,53;232,30
08/18/16;232,87;232,64
08/17/16;232,36;232,13
08/16/16;231,93;231,70
08/15/16;233,21;232,97
08/12/16;232,56;232,32
08/11/16;232,75;232,51
08/10/16;231,64;231,41
08/09/16;232,30;232,08
08/08/16;232,21;231,99
08/05/16;232,42;232,20
08/04/16;230,44;230,22
08/03/16;230,40;230,17
08/02/16;229,68;229,45
08/01/16;231,15;230,92
07/29/16;231,44;231,21
07/28/16;231,06;230,84
07/27/16;230,69;230,47
07/26/16;230,97;230,74
07/25/16;230,90;230,67
07/22/16;231,60;231,36
07/21/16;230,56;230,32
07/20/16;231,40;231,15
07/19/16;230,42;230,17
07/18/16;230,74;230,50
07/15/16;230,20;229,95
07/14/16;230,41;230,16
07/13/16;229,20;228,96
07/12/16;229,17;228,93
07/11/16;227,57;227,34
07/08/16;226,80;226,56
07/07/16;223,40;223,16
07/06/16;223,59;223,36
07/05/16;222,41;222,16
07/01/16;223,93;223,70
06/30/16;223,50;223,26
06/29/16;220,50;220,27
06/28/16;216,81;216,59
06/27/16;213,03;212,80
06/24/16;216,95;216,72
06/23/16;225,02;224,80
06/22/16;222,05;221,84
06/21/16;222,42;222,20
06/20/16;221,82;221,60
06/17/16;220,53;220,32
06/16/16;221,26;221,04
06/15/16;220,55;220,35
06/14/16;220,96;220,76
06/13/16;221,35;221,16
06/10/16;223,16;222,97
06/09/16;225,23;225,03
06/08/16;225,62;225,42
06/07/16;224,88;224,67
06/06/16;224,59;224,38
06/03/16;223,49;223,29
06/02/16;224,13;223,94
06/01/16;223,51;223,31
05/31/16;223,26;223,06
05/27/16;223,48;223,28
05/26/16;222,53;222,33
05/25/16;222,59;222,38
05/24/16;221,04;220,84
05/23/16;218,06;217,86
05/20/16;218,50;218,31
05/19/16;217,20;217,01
05/18/16;218,02;217,81
05/17/16;217,98;217,77
05/16/16;220,05;219,84
05/13/16;217,92;217,70
05/12/16;219,79;219,57
05/11/16;219,82;219,60
05/10/16;221,94;221,72
05/09/16;219,20;218,99
05/06/16;219,04;218,82
05/05/16;218,34;218,13
05/04/16;218,39;218,18
05/03/16;219,69;219,49
05/02/16;221,61;221,41
04/29/16;219,89;219,69
04/28/16;221,01;220,81
04/27/16;223,06;222,87
04/26/16;222,69;222,50
04/25/16;222,28;222,08
04/22/16;222,69;222,49
04/21/16;222,68;222,48
04/20/16;223,84;223,64
04/19/16;223,67;223,47
04/18/16;222,99;222,78
04/15/16;221,54;221,33
04/14/16;221,75;221,55
04/13/16;221,72;221,51
04/12/16;219,52;219,31
04/11/16;217,42;217,21
04/08/16;218,01;217,81
04/07/16;217,41;217,20
04/06/16;220,04;219,84
04/05/16;217,75;217,55
04/04/16;219,98;219,78
04/01/16;220,69;220,49
03/31/16;219,30;219,10
03/30/16;219,75;219,55
03/29/16;218,79;218,60
03/28/16;216,89;216,69
03/24/16;216,77;216,57
03/23/16;216,85;216,65
03/22/16;218,24;218,04
03/21/16;218,43;218,23
03/18/16;218,22;218,02
03/17/16;217,25;217,06
03/16/16;215,83;215,64
03/15/16;214,63;214,44
03/14/16;215,02;214,84
03/11/16;215,29;215,11
03/10/16;211,82;211,64
03/09/16;211,79;211,60
03/08/16;210,73;210,54
03/07/16;213,12;212,93
03/04/16;212,93;212,74
03/03/16;212,23;212,04
03/02/16;211,49;211,31
03/01/16;210,63;210,44
02/29/16;205,73;205,54
02/26/16;207,41;207,22
02/25/16;207,80;207,61
02/24/16;205,47;205,28
02/23/16;204,56;204,37
02/22/16;207,14;206,95
02/19/16;204,19;204,00
02/18/16;204,20;204,01
02/17/16;205,15;204,96
02/16/16;201,84;201,64
02/12/16;198,56;198,36
02/11/16;194,76;194,56
02/10/16;197,18;196,99
02/09/16;197,23;197,03
02/08/16;197,36;197,16
02/05/16;200,18;199,99
02/04/16;203,93;203,75
02/03/16;203,61;203,44
02/02/16;202,58;202,43
02/01/16;206,44;206,30
01/29/16;206,54;206,39
01/28/16;201,55;201,40
01/27/16;200,44;200,29
01/26/16;202,62;202,49
01/25/16;199,77;199,67
01/22/16;202,94;202,84
01/21/16;198,91;198,81
01/20/16;197,88;197,78
01/19/16;200,22;200,12
01/15/16;200,12;200,02
01/14/16;204,53;204,43
01/13/16;201,17;201,07
01/12/16;206,31;206,22
01/11/16;204,72;204,63
01/08/16;204,55;204,45
01/07/16;206,78;206,69
01/06/16;211,80;211,71
01/05/16;214,62;214,52
01/04/16;214,19;214,09
12/31/15;217,53;217,42
12/30/15;219,60;219,49
12/29/15;221,19;221,08
12/28/15;218,86;218,76
12/24/15;219,34;219,23
12/23/15;219,69;219,58
12/22/15;216,99;216,89
12/21/15;215,10;215,00
12/18/15;213,44;213,34
12/17/15;217,30;217,20
12/16/15;220,61;220,52
12/15/15;217,46;217,36
12/14/15;215,24;215,08
12/11/15;214,21;214,06
12/10/15;218,45;218,30
12/09/15;217,95;217,81
12/08/15;219,65;219,51
12/07/15;221,08;220,94
12/04/15;222,64;222,50
12/03/15;218,15;218,02
12/02/15;221,33;221,20
12/01/15;223,79;223,66
11/30/15;221,43;221,30
11/27/15;222,47;222,33
11/25/15;222,33;222,20
11/24/15;222,36;222,23
11/23/15;222,10;221,96
11/20/15;222,37;222,23
11/19/15;221,53;221,39
11/18/15;221,77;221,64
11/17/15;218,26;218,11
11/16/15;218,56;218,40
11/13/15;215,34;215,20
11/12/15;217,78;217,64
11/11/15;220,87;220,72
11/10/15;221,58;221,44
11/09/15;221,24;221,10
11/06/15;223,44;223,30
11/05/15;223,51;223,38
11/04/15;223,77;223,63
11/03/15;224,56;224,42
11/02/15;223,96;223,81
10/30/15;221,32;221,19
10/29/15;222,39;222,26
10/28/15;222,49;222,36
10/27/15;219,89;219,76
10/26/15;220,45;220,32
10/23/15;220,87;220,74
10/22/15;218,47;218,33
10/21/15;214,87;214,76
10/20/15;216,12;216,02
10/19/15;216,42;216,33
10/16/15;216,37;216,27
10/15/15;215,39;215,28
10/14/15;212,25;212,13
10/13/15;213,25;213,14
10/12/15;214,72;214,60
10/09/15;214,45;214,33
10/08/15;214,29;214,17
10/07/15;212,41;212,30
10/06/15;210,72;210,61
10/05/15;211,47;211,37
10/02/15;207,67;207,57
10/01/15;204,74;204,64
09/30/15;204,34;204,24
09/29/15;200,53;200,42
09/28/15;200,27;200,17
09/25/15;205,53;205,44
09/24/15;205,61;205,54
09/23/15;206,30;206,23
09/22/15;206,73;206,66
09/21/15;209,31;209,23
09/18/15;208,36;208,28
09/17/15;211,79;211,70
09/16/15;212,34;212,25
09/15/15;210,51;210,42
09/14/15;207,84;207,75
09/11/15;208,69;208,60
09/10/15;207,76;207,67
09/09/15;206,67;206,58
09/08/15;209,59;209,49
09/04/15;204,46;204,37
09/03/15;207,64;207,55
09/02/15;207,40;207,31
09/01/15;203,67;203,58
08/31/15;209,87;209,79
08/28/15;211,65;211,56
08/27/15;211,52;211,43
08/26/15;206,52;206,42
08/25/15;198,76;198,66
08/24/15;201,48;201,39
08/21/15;209,74;209,65
08/20/15;216,62;216,55
08/19/15;221,28;221,21
08/18/15;223,13;223,06
08/17/15;223,72;223,64
08/14/15;222,56;222,48
08/13/15;221,69;221,62
08/12/15;221,98;221,90
08/11/15;221,77;221,69
08/10/15;223,92;223,83
08/07/15;221,08;221,00
08/06/15;221,72;221,63
08/05/15;223,46;223,37
08/04/15;222,76;222,67
08/03/15;223,26;223,17
07/31/15;223,88;223,79
07/30/15;224,39;224,30
07/29/15;224,38;224,29
07/28/15;222,76;222,67
07/27/15;220,03;219,94
07/24/15;221,31;221,22
07/23/15;223,69;223,61
07/22/15;225,00;224,89
07/21/15;225,54;225,43
07/20/15;226,51;226,39
07/17/15;226,33;226,22
07/16/15;226,08;225,97
07/15/15;224,29;224,17
07/14/15;224,46;224,34
07/13/15;223,46;223,34
07/10/15;221,02;220,90
07/09/15;218,33;218,20
07/08/15;217,83;217,71
07/07/15;221,52;221,40
07/06/15;220,19;220,06
07/02/15;221,04;220,91
07/01/15;221,11;220,98
06/30/15;219,58;219,46
06/29/15;219,00;218,88
06/26/15;223,67;223,54
06/25/15;223,75;223,63
06/24/15;224,42;224,30
06/23/15;226,09;225,96
06/22/15;225,95;225,81
06/19/15;224,58;224,45
06/18/15;225,78;225,64
06/17/15;223,56;223,43
06/16/15;223,11;222,99
06/15/15;221,85;221,73
06/12/15;222,89;222,76
06/11/15;224,47;224,33
06/10/15;224,07;223,94
06/09/15;221,41;221,27
06/08/15;221,31;221,18
06/05/15;222,75;222,62
06/04/15;223,08;222,94
06/03/15;225,02;224,88
06/02/15;224,54;224,40
06/01/15;224,76;224,63
05/29/15;224,31;224,17
05/28/15;225,74;225,59
05/27/15;226,02;225,88
05/26/15;223,97;223,83
05/22/15;226,30;226,16
05/21/15;226,81;226,66
05/20/15;226,28;226,13
05/19/15;226,50;226,34
05/18/15;226,64;226,49
05/15/15;225,96;225,80
05/14/15;225,78;225,63
05/13/15;223,37;223,22
05/12/15;223,43;223,29
05/11/15;224,09;223,95
05/08/15;225,24;225,10
05/07/15;222,25;222,11
05/06/15;221,41;221,27
05/05/15;222,40;222,26
05/04/15;225,06;224,92
05/01/15;224,39;224,27
04/30/15;221,97;221,84
04/29/15;224,24;224,11
04/28/15;225,08;224,95
04/27/15;224,46;224,33
04/24/15;225,40;225,27
04/23/15;224,90;224,76
04/22/15;224,40;224,23
04/21/15;223,26;223,09
04/20/15;223,60;223,43
04/17/15;221,54;221,38
04/16/15;224,09;223,91
04/15/15;224,27;224,09
04/14/15;223,12;222,94
04/13/15;222,76;222,58
04/10/15;223,79;223,60
04/09/15;222,63;222,45
04/08/15;221,65;221,46
04/07/15;221,06;220,87
04/06/15;221,51;221,32
04/02/15;220,04;219,87
04/01/15;219,27;219,10
03/31/15;220,15;219,97
03/30/15;222,11;221,92
03/27/15;219,42;219,24
03/26/15;218,90;218,72
03/25/15;219,42;219,24
03/24/15;222,67;222,48
03/23/15;224,03;223,85
03/20/15;224,43;224,24
03/19/15;222,42;222,24
03/18/15;223,51;223,33
03/17/15;220,83;220,65
03/16/15;221,57;221,38
03/13/15;218,61;218,43
03/12/15;219,95;219,76
03/11/15;217,20;217,03
03/10/15;217,62;217,44
03/09/15;221,39;221,19
03/06/15;220,51;220,33
03/05/15;223,68;223,49
03/04/15;223,42;223,23
03/03/15;224,40;224,21
03/02/15;225,43;225,23
02/27/15;224,06;223,86
02/26/15;224,72;224,53
02/25/15;225,05;224,86
02/24/15;225,22;225,03
02/23/15;224,60;224,41
02/20/15;224,67;224,48
02/19/15;223,30;223,11
02/18/15;223,54;223,35
02/17/15;223,61;223,42
02/13/15;223,24;223,06
02/12/15;222,34;222,16
02/11/15;220,22;220,04
02/10/15;220,23;220,04
02/09/15;217,91;217,72
02/06/15;218,85;218,65
02/05/15;219,60;219,40
02/04/15;217,36;217,16
02/03/15;218,27;218,07
02/02/15;215,17;214,96
01/30/15;212,41;212,21
01/29/15;215,22;215,01
01/28/15;213,18;212,98
01/27/15;216,08;215,89
01/26/15;219,01;218,82
01/23/15;218,45;218,26
01/22/15;219,66;219,46
01/21/15;216,35;216,16
01/20/15;215,33;215,14
01/16/15;215,00;214,81
01/15/15;212,15;211,97
01/14/15;214,12;213,95
01/13/15;215,37;215,20
01/12/15;215,93;215,75
01/09/15;217,69;217,51
01/08/15;219,54;219,36
01/07/15;215,67;215,50
01/06/15;213,20;213,02
01/05/15;215,11;214,93
01/02/15;219,12;218,94
12/31/14;219,20;219,01
12/30/14;221,48;221,29
12/29/14;222,57;222,38
12/26/14;222,38;222,19
12/24/14;221,65;221,46
12/23/14;221,68;221,49
12/22/14;221,30;221,10
12/19/14;220,45;220,26
12/18/14;219,45;219,26
12/17/14;214,30;214,12
12/16/14;210,03;209,85
12/15/14;211,81;211,64
12/12/14;213,16;212,99
12/11/14;216,67;216,50
12/10/14;215,69;215,53
12/09/14;219,27;219,11
12/08/14;219,33;219,16
12/05/14;220,93;220,76
12/04/14;220,57;220,40
12/03/14;220,82;220,65
12/02/14;219,99;219,82
12/01/14;218,58;218,43
11/28/14;220,09;219,93
11/26/14;220,64;220,49
11/25/14;220,02;219,88
11/24/14;220,28;220,13
11/21/14;219,66;219,50
11/20/14;218,52;218,36
11/19/14;218,09;217,93
11/18/14;218,42;218,26
11/17/14;217,30;217,14
11/14/14;217,14;216,98
11/13/14;217,09;216,93
11/12/14;216,97;216,81
11/11/14;217,12;216,97
11/10/14;216,97;216,82
11/07/14;216,29;216,14
11/06/14;216,21;216,07
11/05/14;215,40;215,25
11/04/14;214,18;214,03
11/03/14;214,78;214,64
10/31/14;214,80;214,67
10/30/14;212,31;212,18
10/29/14;211,00;210,86
10/28/14;211,29;211,16
10/27/14;208,80;208,66
10/24/14;209,11;208,98
10/23/14;207,63;207,51
10/22/14;205,08;204,99
10/21/14;206,59;206,50
10/20/14;202,62;202,54
10/17/14;200,79;200,70
10/16/14;198,23;198,15
10/15/14;198,20;198,12
10/14/14;199,81;199,74
10/13/14;199,49;199,42
10/10/14;202,82;202,76
10/09/14;205,19;205,11
10/08/14;209,52;209,44
10/07/14;205,92;205,84
10/06/14;209,08;209,00
10/03/14;209,41;209,33
10/02/14;207,10;207,02
10/01/14;207,10;207,02
09/30/14;209,88;209,80
09/29/14;210,47;210,38
09/26/14;211,01;210,92
09/25/14;209,22;209,13
09/24/14;212,66;212,57
09/23/14;211,01;210,91
09/22/14;212,24;212,14
09/19/14;213,95;213,85
09/18/14;214,05;213,95
09/17/14;213,01;212,91
09/16/14;212,73;212,64
09/15/14;211,15;211,06
09/12/14;211,30;211,21
09/11/14;212,56;212,47
09/10/14;212,38;212,29
09/09/14;211,61;211,52
09/08/14;213,00;212,91
09/05/14;213,65;213,57
09/04/14;212,58;212,50
09/03/14;212,91;212,82
09/02/14;213,08;212,99
08/29/14;213,19;213,10
08/28/14;212,49;212,40
08/27/14;212,84;212,76
08/26/14;212,84;212,75
08/25/14;212,62;212,52
08/22/14;211,60;211,51
08/21/14;212,03;211,93
08/20/14;211,41;211,31
08/19/14;210,88;210,79
08/18/14;209,84;209,74
08/15/14;208,06;207,97
08/14/14;208,07;207,98
08/13/14;207,17;207,08
08/12/14;205,79;205,70
08/11/14;206,13;206,04
08/08/14;205,56;205,47
08/07/14;203,22;203,13
08/06/14;204,35;204,26
08/05/14;204,35;204,26
08/04/14;206,35;206,26
08/01/14;204,88;204,78
07/31/14;205,47;205,37
07/30/14;209,66;209,56
07/29/14;209,65;209,55
07/28/14;210,61;210,50
07/25/14;210,54;210,44
07/24/14;211,57;211,47
07/23/14;211,46;211,36
07/22/14;211,09;210,99
07/21/14;210,04;209,94
07/18/14;210,53;210,43
07/17/14;208,39;208,29
07/16/14;210,89;210,79
07/15/14;210,01;209,90
07/14/14;210,41;210,31
07/11/14;209,40;209,30
07/10/14;209,09;208,99
07/09/14;209,96;209,86
07/08/14;208,99;208,89
07/07/14;210,47;210,37
07/03/14;211,30;211,20
07/02/14;210,15;210,05
07/01/14;210,01;209,91
06/30/14;208,61;208,52
06/27/14;208,69;208,59
06/26/14;208,30;208,20
06/25/14;208,54;208,44
06/24/14;207,53;207,43
06/23/14;208,87;208,77
06/20/14;208,90;208,80
06/19/14;208,54;208,44
06/18/14;208,28;208,17
06/17/14;206,68;206,58
06/16/14;206,23;206,13
06/13/14;206,06;205,96
06/12/14;205,42;205,31
06/11/14;206,89;206,78
06/10/14;207,62;207,51
06/09/14;207,68;207,56
06/06/14;207,48;207,37
06/05/14;206,52;206,41
06/04/14;205,18;205,07
06/03/14;204,80;204,69
06/02/14;204,87;204,76
05/30/14;204,72;204,62
05/29/14;204,35;204,24
05/28/14;203,26;203,15
05/27/14;203,48;203,38
05/23/14;202,27;202,17
05/22/14;201,42;201,31
05/21/14;200,95;200,84
05/20/14;199,33;199,22
05/19/14;200,64;200,52
05/16/14;199,87;199,75
05/15/14;199,13;199,01
05/14/14;201,00;200,89
05/13/14;201,95;201,84
05/12/14;201,87;201,75
05/09/14;199,94;199,82
05/08/14;199,63;199,52
05/07/14;199,91;199,79
05/06/14;198,79;198,67
05/05/14;200,59;200,48
05/02/14;200,21;200,10
05/01/14;200,49;200,37
04/30/14;200,50;200,40
04/29/14;199,90;199,80
04/28/14;198,95;198,86
04/25/14;198,31;198,22
04/24/14;199,92;199,83
04/23/14;199,59;199,49
04/22/14;200,04;199,93
04/21/14;199,22;199,12
04/17/14;198,47;198,37
04/16/14;198,20;198,10
04/15/14;196,13;196,04
04/14/14;194,81;194,73
04/11/14;193,23;193,14
04/10/14;195,08;194,99
04/09/14;199,24;199,15
04/08/14;197,09;197,00
04/07/14;196,35;196,26
04/04/14;198,49;198,40
04/03/14;201,00;200,91
04/02/14;201,22;201,14
04/01/14;200,65;200,57
03/31/14;199,25;199,17
03/28/14;197,68;197,60
03/27/14;196,77;196,69
03/26/14;197,14;197,06
03/25/14;198,53;198,45
03/24/14;197,65;197,58
03/21/14;198,62;198,55
03/20/14;199,20;199,13
03/19/14;198,00;197,94
03/18/14;199,23;199,16
03/17/14;197,80;197,73
03/14/14;195,91;195,85
03/13/14;196,47;196,40
03/12/14;198,80;198,73
03/11/14;198,73;198,66
03/10/14;199,75;199,68
03/07/14;199,85;199,77
03/06/14;199,74;199,66
03/05/14;199,40;199,32
03/04/14;199,40;199,33
03/03/14;196,41;196,34
02/28/14;197,88;197,80
02/27/14;197,33;197,25
02/26/14;196,36;196,28
02/25/14;196,35;196,27
02/24/14;196,61;196,54
02/21/14;195,40;195,33
02/20/14;195,78;195,70
02/19/14;194,60;194,53
02/18/14;195,88;195,81
02/14/14;195,66;195,58
02/13/14;194,71;194,64
02/12/14;193,60;193,52
02/11/14;193,65;193,57
02/10/14;191,53;191,45
02/07/14;191,24;191,15
02/06/14;188,73;188,65
02/05/14;186,41;186,33
02/04/14;186,78;186,71
02/03/14;185,36;185,29
01/31/14;189,70;189,62
01/30/14;190,92;190,85
01/29/14;188,82;188,73
01/28/14;190,76;190,67
01/27/14;189,59;189,51
01/24/14;190,52;190,44
01/23/14;194,60;194,50
01/22/14;196,35;196,24
01/21/14;196,24;196,13
01/17/14;195,70;195,59
01/16/14;196,46;196,35
01/15/14;196,73;196,62
01/14/14;195,72;195,61
01/13/14;193,61;193,51
01/10/14;196,08;195,98
01/09/14;195,63;195,53
01/08/14;195,57;195,46
01/07/14;195,61;195,50
01/06/14;194,44;194,32
01/03/14;194,93;194,81
01/02/14;194,99;194,87
12/31/13;196,74;196,62
12/30/13;195,96;195,84
12/27/13;196,00;195,88
12/26/13;196,06;195,94
12/24/13;195,13;195,02
12/23/13;194,56;194,45
12/20/13;193,53;193,42
12/19/13;192,61;192,49
12/18/13;192,72;192,60
12/17/13;189,55;189,45
12/16/13;190,11;190,04
12/13/13;188,91;188,85
12/12/13;188,93;188,87
12/11/13;189,65;189,58
12/10/13;191,81;191,75
12/09/13;192,43;192,36
12/06/13;192,08;192,01
12/05/13;189,95;189,88
12/04/13;190,77;190,71
12/03/13;191,02;190,96
12/02/13;191,63;191,57
11/29/13;192,19;192,09
11/27/13;192,34;192,24
11/26/13;191,86;191,76
11/25/13;191,82;191,74
11/22/13;192,06;191,98
11/21/13;191,11;191,03
11/20/13;189,57;189,49
11/19/13;190,27;190,18
11/18/13;190,65;190,57
11/15/13;191,36;191,28
11/14/13;190,56;190,47
11/13/13;189,64;189,56
11/12/13;188,12;188,03
11/11/13;188,56;188,48
11/08/13;188,42;188,34
11/07/13;185,93;185,85
11/06/13;188,41;188,33
11/05/13;187,60;187,53
11/04/13;188,13;188,06
11/01/13;187,46;187,39
10/31/13;186,92;186,85
10/30/13;187,63;187,57
10/29/13;188,55;188,49
10/28/13;187,51;187,44
10/25/13;187,25;187,19
10/24/13;186,43;186,37
10/23/13;185,83;185,77
10/22/13;186,71;186,65
10/21/13;185,65;185,58
10/18/13;185,63;185,57
10/17/13;184,42;184,36
10/16/13;183,18;183,13
10/15/13;180,69;180,63
10/14/13;181,98;181,91
10/11/13;181,24;181,17
10/10/13;180,10;180,04
10/09/13;176,26;176,20
10/08/13;176,15;176,10
10/07/13;178,35;178,29
10/04/13;179,88;179,82
10/03/13;178,62;178,56
10/02/13;180,24;180,18
10/01/13;180,36;180,30
09/30/13;178,93;178,87
09/27/13;180,02;179,96
09/26/13;180,76;180,69
09/25/13;180,13;180,06
09/24/13;180,62;180,56
09/23/13;181,09;181,03
09/20/13;181,94;181,89
09/19/13;183,27;183,21
09/18/13;183,61;183,55
09/17/13;181,40;181,34
09/16/13;180,63;180,58
09/13/13;179,61;179,56
09/12/13;179,12;179,07
09/11/13;179,73;179,68
09/10/13;179,18;179,13
09/09/13;177,88;177,83
09/06/13;176,11;176,06
09/05/13;176,10;176,06
09/04/13;175,89;175,84
09/03/13;174,47;174,43
08/30/13;173,75;173,70
08/29/13;174,30;174,26
08/28/13;173,96;173,92
08/27/13;173,48;173,44
08/26/13;176,28;176,24
08/23/13;176,99;176,95
08/22/13;176,30;176,26
08/21/13;174,79;174,75
08/20/13;175,82;175,77
08/19/13;175,15;175,10
08/16/13;176,19;176,14
08/15/13;176,77;176,72
08/14/13;179,33;179,28
08/13/13;180,27;180,21
08/12/13;179,77;179,71
08/09/13;179,97;179,92
08/08/13;180,62;180,57
08/07/13;179,92;179,87
08/06/13;180,60;180,55
08/05/13;181,64;181,59
08/02/13;181,91;181,86
08/01/13;181,61;181,56
07/31/13;179,37;179,32
07/30/13;179,39;179,34
07/29/13;179,32;179,27
07/26/13;179,99;179,95
07/25/13;179,84;179,80
07/24/13;179,38;179,34
07/23/13;180,07;180,02
07/22/13;180,40;180,36
07/19/13;180,03;179,99
07/18/13;179,74;179,70
07/17/13;178,84;178,80
07/16/13;178,34;178,31
07/15/13;179,01;178,97
07/12/13;178,76;178,73
07/11/13;178,21;178,18
07/10/13;175,83;175,79
07/09/13;175,80;175,76
07/08/13;174,54;174,50
07/05/13;173,62;173,59
07/03/13;171,86;171,84
07/02/13;171,72;171,69
07/01/13;171,82;171,79
06/28/13;170,90;170,86
06/27/13;171,63;171,60
06/26/13;170,58;170,54
06/25/13;168,96;168,92
06/24/13;167,37;167,33
06/21/13;169,43;169,39
06/20/13;168,98;168,94
06/19/13;173,31;173,27
06/18/13;175,74;175,71
06/17/13;174,38;174,35
06/14/13;173,07;173,04
06/13/13;174,10;174,07
06/12/13;171,56;171,53
06/11/13;173,01;172,98
06/10/13;174,78;174,75
06/07/13;174,84;174,81
06/06/13;172,62;172,60
06/05/13;171,17;171,14
06/04/13;173,56;173,54
06/03/13;174,52;174,50
05/31/13;173,49;173,47
05/30/13;176,01;175,98
05/29/13;175,37;175,34
05/28/13;176,61;176,59
05/24/13;175,49;175,47
05/23/13;175,59;175,57
05/22/13;176,11;176,08
05/21/13;177,58;177,55
05/20/13;177,27;177,25
05/17/13;177,39;177,37
05/16/13;175,59;175,57
05/15/13;176,47;176,45
05/14/13;175,57;175,55
05/13/13;173,82;173,79
05/10/13;173,81;173,78
05/09/13;173,06;173,03
05/08/13;173,69;173,67
05/07/13;172,97;172,96
05/06/13;172,08;172,06
05/03/13;171,75;171,73
05/02/13;169,96;169,94
05/01/13;168,37;168,36
04/30/13;169,94;169,94
04/29/13;169,52;169,52
04/26/13;168,31;168,31
04/25/13;168,63;168,62
04/24/13;167,97;167,94
04/23/13;167,97;167,94
04/22/13;166,23;166,21
04/19/13;165,47;165,44
04/18/13;164,02;163,99
04/17/13;165,12;165,09
04/16/13;167,52;167,49
04/15/13;165,16;165,13
04/12/13;169,04;169,01
04/11/13;169,52;169,49
04/10/13;168,92;168,89
04/09/13;166,88;166,86
04/08/13;166,29;166,27
04/05/13;165,26;165,23
04/04/13;165,97;165,94
04/03/13;165,30;165,27
04/02/13;167,06;167,03
04/01/13;166,20;166,17
03/28/13;166,95;166,92
03/27/13;166,27;166,25
03/26/13;166,37;166,34
03/25/13;165,09;165,06
03/22/13;165,64;165,61
03/21/13;164,46;164,43
03/20/13;165,83;165,80
03/19/13;164,73;164,70
03/18/13;165,13;165,10
03/15/13;166,05;166,02
03/14/13;166,31;166,29
03/13/13;165,38;165,36
03/12/13;165,17;165,14
03/11/13;165,57;165,54
03/08/13;165,03;165,00
03/07/13;164,29;164,27
03/06/13;164,00;163,97
03/05/13;163,82;163,79
03/04/13;162,27;162,24
03/01/13;161,53;161,50
02/28/13;161,16;161,12
02/27/13;161,29;161,26
02/26/13;159,27;159,23
02/25/13;158,30;158,27
02/22/13;161,25;161,22
02/21/13;159,85;159,82
02/20/13;160,86;160,83
02/19/13;162,88;162,85
02/15/13;161,69;161,67
02/14/13;161,86;161,83
02/13/13;161,75;161,72
02/12/13;161,66;161,63
02/11/13;161,39;161,37
02/08/13;161,49;161,47
02/07/13;160,58;160,56
02/06/13;160,88;160,85
02/05/13;160,78;160,76
02/04/13;159,13;159,10
02/01/13;160,98;160,96
01/31/13;159,38;159,36
01/30/13;159,79;159,77
01/29/13;160,42;160,39
01/28/13;159,60;159,58
01/25/13;159,89;159,87
01/24/13;159,02;159,01
01/23/13;159,02;159,01
01/22/13;158,78;158,77
01/18/13;158,08;158,07
01/17/13;157,54;157,53
01/16/13;156,66;156,65
01/15/13;156,63;156,62
01/14/13;156,45;156,44
01/11/13;156,59;156,59
01/10/13;156,60;156,59
01/09/13;155,42;155,41
01/08/13;155,01;155,00
01/07/13;155,51;155,51
01/04/13;155,99;155,99
01/03/13;155,24;155,24
01/02/13;155,56;155,56
12/31/12;151,71;151,71
12/28/12;149,19;149,18
12/27/12;150,85;150,85
12/26/12;151,04;151,03
12/24/12;151,76;151,76
12/21/12;152,13;152,13
12/20/12;153,57;153,57
12/19/12;152,73;152,73
12/18/12;153,90;153,90
12/17/12;152,15;152,15
12/14/12;150,37;150,37
12/13/12;150,99;150,99
12/12/12;151,95;151,95
12/11/12;151,89;151,88
12/10/12;150,89;150,89
12/07/12;150,84;150,84
12/06/12;150,40;150,41
12/05/12;149,91;149,91
12/04/12;149,67;149,67
12/03/12;149,92;149,93
11/30/12;150,64;150,64
11/29/12;150,61;150,62
11/28/12;149,98;149,98
11/27/12;148,81;148,81
11/26/12;149,58;149,59
11/23/12;149,89;149,90
11/21/12;147,96;147,97
11/20/12;147,62;147,63
11/19/12;147,53;147,53
11/16/12;144,66;144,65
11/15/12;143,96;143,96
11/14/12;144,18;144,19
11/13/12;146,21;146,21
11/12/12;146,80;146,80
11/09/12;146,77;146,78
11/08/12;146,52;146,53
11/07/12;148,33;148,34
11/06/12;151,93;151,94
11/05/12;150,74;150,76
11/02/12;150,42;150,43
11/01/12;151,84;151,86
10/31/12;150,19;150,22
10/26/12;150,17;150,19
10/25/12;150,28;150,30
10/24/12;149,83;149,85
10/23/12;150,30;150,32
10/22/12;152,52;152,52
10/19/12;152,45;152,45
10/18/12;155,02;155,02
10/17/12;155,40;155,40
10/16/12;154,76;154,76
10/15/12;153,19;153,19
10/12/12;151,96;151,96
10/11/12;152,41;152,42
10/10/12;152,39;152,39
10/09/12;153,34;153,34
10/08/12;154,87;154,87
10/05/12;155,40;155,40
10/04/12;155,45;155,45
10/03/12;154,34;154,35
10/02/12;153,79;153,79
10/01/12;153,65;153,65
09/28/12;153,24;153,25
09/27/12;153,93;153,94
09/26/12;152,46;152,47
09/25/12;153,34;153,35
09/24/12;154,97;154,97
09/21/12;155,31;155,32
09/20/12;155,33;155,33
09/19/12;155,41;155,42
09/18/12;155,22;155,23
09/17/12;155,43;155,43
09/14/12;155,91;155,92
09/13/12;155,29;155,30
09/12/12;152,80;152,81
09/11/12;152,48;152,49
09/10/12;152,00;152,02
09/07/12;152,95;152,96
09/06/12;152,34;152,34
09/05/12;149,29;149,29
09/04/12;149,45;149,45
08/31/12;149,63;149,62
08/30/12;148,87;148,87
08/29/12;150,04;150,04
08/28/12;149,92;149,91
08/27/12;150,04;150,03
08/24/12;150,11;150,11
08/23/12;149,15;149,14
08/22/12;150,36;150,36
08/21/12;150,33;150,32
08/20/12;150,86;150,85
08/17/12;150,87;150,85
08/16/12;150,58;150,57
08/15/12;149,52;149,51
08/14/12;149,35;149,34
08/13/12;149,37;149,36
08/10/12;149,55;149,55
08/09/12;149,22;149,22
08/08/12;149,16;149,16
08/07/12;149,07;149,07
08/06/12;148,31;148,31
08/03/12;147,97;147,96
08/02/12;145,21;145,20
08/01/12;146,29;146,28
07/31/12;146,73;146,72
07/30/12;147,37;147,36
07/27/12;147,44;147,43
07/26/12;144,68;144,67
07/25/12;142,33;142,32
07/24/12;142,37;142,36
07/23/12;143,67;143,66
07/20/12;144,96;144,95
07/19/12;146,43;146,42
07/18/12;146,04;146,03
07/17/12;145,06;145,06
07/16/12;143,99;143,99
07/13/12;144,32;144,33
07/12/12;141,98;141,98
07/11/12;142,70;142,69
07/10/12;142,70;142,70
07/09/12;143,87;143,86
07/06/12;144,11;144,10
07/05/12;145,48;145,47
07/03/12;146,16;146,16
07/02/12;145,26;145,25
06/29/12;144,90;144,90
06/28/12;141,38;141,37
06/27/12;141,68;141,67
06/26/12;140,41;140,41
06/25/12;139,75;139,74
06/22/12;142,01;142,01
06/21/12;141,00;141,00
06/20/12;144,21;144,21
06/19/12;144,45;144,45
06/18/12;143,05;143,05
06/15/12;142,84;142,84
06/14/12;141,38;141,38
06/13/12;139,87;139,87
06/12/12;140,86;140,86
06/11/12;139,24;139,24
06/08/12;141,01;141,01
06/07/12;139,88;139,88
06/06/12;139,89;139,89
06/05/12;136,74;136,74
06/04/12;135,96;135,96
06/01/12;135,95;135,95
05/31/12;139,38;139,38
05/30/12;139,70;139,70
05/29/12;141,73;141,73
05/25/12;140,18;140,18
05/24/12;140,48;140,48
05/23/12;140,29;140,29
05/22/12;140,05;140,05
05/21/12;139,98;139,99
05/18/12;137,77;137,78
05/17/12;138,80;138,80
05/16/12;140,92;140,92
05/15/12;141,54;141,55
05/14/12;142,36;142,36
05/11/12;143,96;143,96
05/10/12;144,45;144,45
05/09/12;144,09;144,09
05/08/12;145,06;145,06
05/07/12;145,68;145,69
05/04/12;145,63;145,64
05/03/12;148,02;148,03
05/02/12;149,16;149,17
05/01/12;149,53;149,54
04/30/12;148,69;148,70
04/27/12;149,27;149,28
04/26/12;148,91;148,92
04/25/12;147,92;147,93
04/24/12;145,94;145,94
04/23/12;145,40;145,41
04/20/12;146,63;146,64
04/19/12;146,45;146,47
04/18/12;147,32;147,34
04/17/12;147,92;147,94
04/16/12;145,67;145,69
04/13/12;145,74;145,76
04/12/12;147,58;147,60
04/11/12;145,57;145,59
04/10/12;144,50;144,52
04/09/12;147,01;147,03
04/05/12;148,70;148,72
04/04/12;148,79;148,81
04/03/12;150,33;150,35
04/02/12;150,93;150,95
03/30/12;149,81;149,82
03/29/12;149,26;149,27
03/28/12;149,49;149,51
03/27/12;150,24;150,25
03/26/12;150,66;150,68
03/23/12;148,60;148,61
03/22/12;148,14;148,15
03/21/12;149,22;149,23
03/20/12;149,50;149,51
03/19/12;149,95;149,96
03/16/12;149,36;149,37
03/15/12;149,19;149,20
03/14/12;148,30;148,31
03/13/12;148,48;148,49
03/12/12;145,84;145,85
03/09/12;145,81;145,82
03/08/12;145,28;145,30
03/07/12;143,87;143,88
03/06/12;142,88;142,90
03/05/12;145,12;145,13
03/02/12;145,68;145,69
03/01/12;146,16;146,17
02/29/12;145,27;145,27
02/28/12;145,96;145,96
02/27/12;145,47;145,47
02/24/12;145,28;145,28
02/23/12;145,03;145,04
02/22/12;144,42;144,42
02/21/12;144,90;144,90
02/17/12;144,79;144,80
02/16/12;144,46;144,46
02/15/12;142,88;142,88
02/14/12;143,66;143,66
02/13/12;143,79;143,79
02/10/12;142,82;142,82
02/09/12;143,81;143,81
02/08/12;143,60;143,60
02/07/12;143,29;143,29
02/06/12;143,00;143,00
02/03/12;143,06;143,06
02/02/12;141,01;141,00
02/01/12;140,86;140,85
01/31/12;139,61;139,60
01/30/12;139,68;139,67
01/27/12;140,03;140,02
01/26/12;140,26;140,25
01/25/12;141,06;141,06
01/24/12;139,85;139,84
01/23/12;139,99;139,99
01/20/12;139,92;139,92
01/19/12;139,83;139,83
01/18/12;139,14;139,14
01/17/12;137,61;137,61
01/13/12;137,12;137,12
01/12/12;137,81;137,81
01/11/12;137,48;137,48
01/10/12;137,45;137,44
01/09/12;136,24;136,23
01/06/12;135,93;135,92
01/05/12;136,27;136,27
01/04/12;135,88;135,87
01/03/12;135,85;135,84
12/30/11;133,78;133,78
12/29/11;134,35;134,35
12/28/11;132,93;132,93
12/27/11;134,61;134,61
12/23/11;134,60;134,60
12/22/11;133,39;133,39
12/21/11;132,29;132,30
12/20/11;132,04;132,04
12/19/11;128,21;128,22
12/16/11;129,74;129,74
12/15/11;129,32;129,32
12/14/11;128,90;128,90
12/13/11;130,38;130,38
12/12/11;131,53;131,53
12/09/11;133,52;133,52
12/08/11;131,30;131,30
12/07/11;134,14;134,14
12/06/11;133,87;133,87
12/05/11;133,72;133,72
12/02/11;132,35;132,36
12/01/11;132,39;132,39
11/30/11;132,64;132,64
11/29/11;127,13;127,14
11/28/11;126,86;126,85
11/25/11;123,26;123,25
11/23/11;123,58;123,58
11/22/11;126,38;126,37
11/21/11;126,91;126,90
11/18/11;129,32;129,31
11/17/11;129,37;129,36
11/16/11;131,58;131,57
11/15/11;133,80;133,80
11/14/11;133,16;133,16
11/11/11;134,44;134,44
11/10/11;131,87;131,87
11/09/11;130,74;130,74
11/08/11;135,72;135,72
11/07/11;134,14;134,15
11/04/11;133,30;133,31
11/03/11;134,14;134,15
11/02/11;131,67;131,68
11/01/11;129,58;129,59
10/31/11;133,30;133,32
10/28/11;136,68;136,70
10/27/11;136,63;136,65
10/26/11;132,09;132,12
10/25/11;130,72;130,74
10/24/11;133,42;133,41
10/21/11;131,72;131,72
10/20/11;129,28;129,28
10/19/11;128,69;128,70
10/18/11;130,34;130,35
10/17/11;127,73;127,74
10/14/11;130,26;130,26
10/13/11;128,04;128,04
10/12/11;128,42;128,42
10/11/11;127,17;127,17
10/10/11;127,10;127,10
10/07/11;122,90;122,91
10/06/11;123,92;123,92
10/05/11;121,68;121,69
10/04/11;119,55;119,56
10/03/11;116,93;116,93
09/30/11;120,34;120,35
09/29/11;123,43;123,43
09/28/11;122,44;122,44
09/27/11;125,03;125,03
09/26/11;123,70;123,71
09/23/11;120,89;120,89
09/22/11;120,15;120,15
09/21/11;124,12;124,11
09/20/11;127,88;127,87
09/19/11;128,09;128,08
09/16/11;129,36;129,35
09/15/11;128,63;128,62
09/14/11;126,46;126,44
09/13/11;124,77;124,76
09/12/11;123,65;123,63
09/09/11;122,79;122,78
09/08/11;126,16;126,15
09/07/11;127,52;127,50
09/06/11;123,97;123,95
09/02/11;124,90;124,88
09/01/11;128,14;128,12
08/31/11;129,68;129,66
08/30/11;129,04;129,02
08/29/11;128,74;128,72
08/26/11;125,20;125,18
08/25/11;123,33;123,32
08/24/11;125,29;125,27
08/23/11;123,67;123,64
08/22/11;119,57;119,54
08/19/11;119,54;119,51
08/18/11;121,36;121,33
08/17/11;127,02;127,00
08/16/11;126,91;126,88
08/15/11;128,16;128,12
08/12/11;125,43;125,39
08/11/11;124,77;124,74
08/10/11;119,25;119,22
08/09/11;124,77;124,73
08/08/11;119,12;119,08
08/05/11;127,61;127,58
08/04/11;127,68;127,66
08/03/11;134,09;134,07
08/02/11;133,42;133,40
08/01/11;136,92;136,90
07/29/11;137,48;137,46
07/28/11;138,38;138,36
07/27/11;138,83;138,80
07/26/11;141,70;141,68
07/25/11;142,32;142,27
07/22/11;143,12;143,07
07/21/11;143,00;142,94
07/20/11;141,08;141,03
07/19/11;141,18;141,13
07/18/11;138,92;138,86
07/15/11;140,06;140,00
07/14/11;139,29;139,23
07/13/11;140,23;140,17
07/12/11;139,80;139,74
07/11/11;140,42;140,36
07/08/11;143,01;142,94
07/07/11;144,01;143,95
07/06/11;142,52;142,46
07/05/11;142,37;142,31
07/01/11;142,56;142,50
06/30/11;140,54;140,48
06/29/11;139,12;139,07
06/28/11;137,98;137,93
06/27/11;136,22;136,17
06/24/11;134,98;134,93
06/23/11;136,58;136,53
06/22/11;136,97;136,92
06/21/11;137,87;137,81
06/20/11;136,04;135,98
06/17/11;135,31;135,25
06/16/11;134,90;134,84
06/15/11;134,66;134,61
06/14/11;137,05;136,99
06/13/11;135,34;135,29
06/10/11;135,25;135,20
06/09/11;137,17;137,12
06/08/11;136,16;136,11
06/07/11;136,73;136,68
06/06/11;136,86;136,81
06/03/11;138,34;138,30
06/02/11;139,70;139,66
06/01/11;139,87;139,83
05/31/11;143,14;143,09
05/27/11;141,64;141,59
05/26/11;141,06;141,02
05/25/11;140,50;140,46
05/24/11;140,06;140,02
05/23/11;140,18;140,13
05/20/11;141,87;141,82
05/19/11;142,97;142,92
05/18/11;142,65;142,61
05/17/11;141,41;141,37
05/16/11;141,48;141,42
05/13/11;142,36;142,30
05/12/11;143,52;143,46
05/11/11;142,81;142,76
05/10/11;144,41;144,37
05/09/11;143,26;143,21
05/06/11;142,61;142,56
05/05/11;142,07;142,02
05/04/11;143,37;143,32
05/03/11;144,36;144,31
05/02/11;144,85;144,80
04/29/11;145,10;145,05
04/28/11;144,77;144,72
04/27/11;144,26;144,21
04/26/11;143,36;143,31
04/25/11;142,08;142,03
04/21/11;142,30;142,26
04/20/11;141,56;141,51
04/19/11;139,67;139,63
04/18/11;138,87;138,83
04/15/11;140,42;140,38
04/14/11;139,88;139,83
04/13/11;139,86;139,82
04/12/11;139,83;139,79
04/11/11;140,93;140,89
04/08/11;141,32;141,28
04/07/11;141,89;141,85
04/06/11;142,11;142,07
04/05/11;141,80;141,76
04/04/11;141,82;141,78
04/01/11;141,77;141,73
03/31/11;141,08;141,03
03/30/11;141,33;141,29
03/29/11;140,40;140,35
03/28/11;139,41;139,37
03/25/11;139,80;139,75
03/24/11;139,36;139,31
03/23/11;138,07;138,02
03/22/11;137,66;137,62
03/21/11;138,15;138,11
03/18/11;136,11;136,07
03/17/11;135,53;135,49
03/16/11;133,73;133,70
03/15/11;136,39;136,36
03/14/11;137,94;137,90
03/11/11;138,78;138,74
03/10/11;137,80;137,76
03/09/11;140,46;140,41
03/08/11;140,65;140,61
03/07/11;139,41;139,36
03/04/11;140,57;140,53
03/03/11;141,62;141,58
03/02/11;139,22;139,18
03/01/11;138,99;138,96
02/28/11;141,22;141,18
02/25/11;140,43;140,40
02/24/11;138,97;138,93
02/23/11;139,11;139,07
02/22/11;139,97;139,93
02/18/11;142,90;142,86
02/17/11;142,62;142,59
02/16/11;142,18;142,15
02/15/11;141,30;141,26
02/14/11;141,76;141,72
02/11/11;141,42;141,39
02/10/11;140,64;140,61
02/09/11;140,54;140,51
02/08/11;140,92;140,90
02/07/11;140,33;140,31
02/04/11;139,46;139,44
02/03/11;139,06;139,04
02/02/11;138,73;138,71
02/01/11;139,11;139,09
01/31/11;136,84;136,81
01/28/11;135,80;135,77
01/27/11;138,27;138,24
01/26/11;137,96;137,93
01/25/11;137,38;137,35
01/24/11;137,35;137,31
01/21/11;136,55;136,51
01/20/11;136,22;136,18
01/19/11;136,39;136,36
01/18/11;137,78;137,76
01/14/11;137,59;137,57
01/13/11;136,59;136,56
01/12/11;136,82;136,79
01/11/11;135,60;135,57
01/10/11;135,10;135,07
01/07/11;135,28;135,25
01/06/11;135,52;135,50
01/05/11;135,81;135,79
01/04/11;135,14;135,11
01/03/11;135,32;135,29
12/31/10;133,81;133,78
12/30/10;133,83;133,80
12/29/10;134,04;134,01
12/28/10;133,90;133,87
12/27/10;133,80;133,77
12/23/10;133,72;133,69
12/22/10;133,94;133,91
12/21/10;133,49;133,46
12/20/10;132,69;132,66
12/17/10;132,35;132,32
12/16/10;132,24;132,21
12/15/10;131,43;131,40
12/14/10;132,10;132,07
12/13/10;131,98;131,95
12/10/10;131,97;131,94
12/09/10;131,18;131,16
12/08/10;130,69;130,66
12/07/10;130,20;130,17
12/06/10;130,15;130,11
12/03/10;130,32;130,28
12/02/10;129,98;129,94
12/01/10;128,34;128,29
11/30/10;125,62;125,58
11/29/10;126,39;126,35
11/26/10;126,56;126,52
11/24/10;127,51;127,47
11/23/10;125,64;125,60
11/22/10;127,46;127,42
11/19/10;127,66;127,62
11/18/10;127,34;127,29
11/17/10;125,42;125,37
11/16/10;125,39;125,34
11/15/10;127,46;127,41
11/12/10;127,61;127,56
11/11/10;129,14;129,09
11/10/10;129,68;129,64
11/09/10;129,11;129,07
11/08/10;130,16;130,12
11/05/10;130,44;130,40
11/04/10;129,94;129,89
11/03/10;127,48;127,43
11/02/10;127,01;126,96
11/01/10;126,03;125,99
10/29/10;125,91;125,87
10/28/10;125,97;125,92
10/27/10;125,86;125,78
10/26/10;126,20;126,12
10/25/10;126,20;126,12
10/22/10;125,93;125,85
10/21/10;125,63;125,55
10/20/10;125,40;125,33
10/19/10;124,10;124,02
10/18/10;126,10;126,02
10/15/10;125,19;125,11
10/14/10;124,94;124,86
10/13/10;125,40;125,32
10/12/10;124,51;124,43
10/11/10;124,04;123,96
10/08/10;124,02;123,94
10/07/10;123,27;123,19
10/06/10;123,48;123,39
10/05/10;123,55;123,47
10/04/10;121,03;120,95
10/01/10;122,01;121,93
09/30/10;121,47;121,39
09/29/10;121,85;121,77
09/28/10;122,16;122,08
09/27/10;121,57;121,50
09/24/10;122,26;122,19
09/23/10;119,73;119,65
09/22/10;120,74;120,66
09/21/10;121,32;121,24
09/20/10;121,63;121,55
09/17/10;119,81;119,73
09/16/10;119,71;119,63
09/15/10;119,75;119,68
09/14/10;119,33;119,25
09/13/10;119,41;119,34
09/10/10;118,10;118,03
09/09/10;117,52;117,46
09/08/10;116,96;116,89
09/07/10;116,21;116,14
09/03/10;117,56;117,49
09/02/10;116,02;115,96
09/01/10;114,98;114,91
08/31/10;111,68;111,62
08/30/10;111,65;111,58
08/27/10;113,32;113,24
08/26/10;111,47;111,40
08/25/10;112,33;112,26
08/24/10;111,96;111,89
08/23/10;113,61;113,54
08/20/10;114,07;114,00
08/19/10;114,49;114,42
08/18/10;116,47;116,39
08/17/10;116,30;116,22
08/16/10;114,90;114,82
08/13/10;114,89;114,80
08/12/10;115,35;115,27
08/11/10;115,97;115,89
08/10/10;119,34;119,25
08/09/10;120,06;119,97
08/06/10;119,40;119,31
08/05/10;119,85;119,76
08/04/10;120,00;119,91
08/03/10;119,27;119,19
08/02/10;119,85;119,76
07/30/10;117,27;117,18
07/29/10;117,26;117,17
07/28/10;117,75;117,66
07/27/10;118,57;118,48
07/26/10;118,70;118,61
07/23/10;117,38;117,29
07/22/10;116,42;116,34
07/21/10;113,85;113,78
07/20/10;115,33;115,25
07/19/10;114,02;113,95
07/16/10;113,35;113,27
07/15/10;116,71;116,64
07/14/10;116,57;116,50
07/13/10;116,59;116,51
07/12/10;114,82;114,75
07/09/10;114,74;114,67
07/08/10;113,92;113,85
07/07/10;112,86;112,78
07/06/10;109,43;109,36
07/02/10;108,84;108,78
07/01/10;109,36;109,28
06/30/10;109,71;109,64
06/29/10;110,83;110,76
06/28/10;114,36;114,31
06/25/10;114,59;114,54
06/24/10;114,26;114,21
06/23/10;116,22;116,16
06/22/10;116,57;116,51
06/21/10;118,47;118,41
06/18/10;118,93;118,87
06/17/10;118,77;118,72
06/16/10;118,62;118,56
06/15/10;118,68;118,63
06/14/10;115,95;115,91
06/11/10;116,16;116,12
06/10/10;115,65;115,61
06/09/10;112,34;112,30
06/08/10;113,00;112,97
06/07/10;111,78;111,74
06/04/10;113,32;113,27
06/03/10;117,35;117,31
06/02/10;116,88;116,84
06/01/10;113,95;113,89
05/28/10;115,94;115,88
05/27/10;117,40;117,34
05/26/10;113,66;113,60
05/25/10;114,31;114,25
05/24/10;114,27;114,21
05/21/10;115,76;115,70
05/20/10;114,05;113,99
05/19/10;118,67;118,61
05/18/10;119,29;119,22
05/17/10;121,01;120,94
05/14/10;120,87;120,81
05/13/10;123,18;123,12
05/12/10;124,70;124,63
05/11/10;123,01;122,94
05/10/10;123,43;123,36
05/07/10;118,23;118,17
05/06/10;120,07;120,00
05/05/10;124,09;124,02
05/04/10;124,91;124,84
05/03/10;127,96;127,89
04/30/10;126,30;126,23
04/29/10;128,44;128,37
04/28/10;126,80;126,73
04/27/10;125,98;125,92
04/26/10;128,98;128,93
04/23/10;129,53;129,49
04/22/10;128,62;128,57
04/21/10;128,32;128,28
04/20/10;128,45;128,41
04/19/10;127,42;127,38
04/16/10;126,85;126,81
04/15/10;128,93;128,89
04/14/10;128,82;128,78
04/13/10;127,40;127,36
04/12/10;127,31;127,27
04/09/10;127,09;127,05
04/08/10;126,24;126,21
04/07/10;125,82;125,78
04/06/10;126,57;126,52
04/05/10;126,36;126,31
04/01/10;125,36;125,32
03/31/10;124,44;124,40
03/30/10;124,85;124,80
03/29/10;124,83;124,80
03/26/10;124,13;124,09
03/25/10;124,03;124,00
03/24/10;124,25;124,21
03/23/10;124,94;124,90
03/22/10;124,05;124,01
03/19/10;123,42;123,38
03/18/10;124,06;124,01
03/17/10;124,09;124,05
03/16/10;123,37;123,34
03/15/10;122,42;122,38
03/12/10;122,37;122,33
03/11/10;122,39;122,35
03/10/10;121,91;121,86
03/09/10;121,36;121,31
03/08/10;121,15;121,11
03/05/10;121,18;121,13
03/04/10;119,50;119,45
03/03/10;119,06;119,01
03/02/10;119,01;118,96
03/01/10;118,73;118,68
02/26/10;117,54;117,49
02/25/10;117,37;117,32
02/24/10;117,62;117,57
02/23/10;116,49;116,44
02/22/10;117,92;117,86
02/19/10;118,04;117,99
02/18/10;117,78;117,73
02/17/10;117,01;116,96
02/16/10;116,52;116,46
02/12/10;114,46;114,41
02/11/10;114,78;114,72
02/10/10;113,68;113,62
02/09/10;113,93;113,87
02/08/10;112,46;112,41
02/05/10;113,47;113,41
02/04/10;113,15;113,09
02/03/10;116,78;116,72
02/02/10;117,42;117,36
02/01/10;115,92;115,86
01/29/10;114,30;114,23
01/28/10;115,43;115,36
01/27/10;116,81;116,74
01/26/10;116,24;116,18
01/25/10;116,73;116,67
01/22/10;116,20;116,13
01/21/10;118,83;118,76
01/20/10;121,12;121,06
01/19/10;122,42;122,35
01/15/10;120,90;120,84
01/14/10;122,22;122,17
01/13/10;121,93;121,87
01/12/10;120,93;120,86
01/11/10;122,07;122,01
01/08/10;121,86;121,80
01/07/10;121,50;121,45
01/06/10;121,02;120,96
01/05/10;120,95;120,90
01/04/10;120,58;120,52
12/31/09;118,68;118,62
12/30/09;119,89;119,82
12/29/09;119,86;119,80
12/28/09;120,03;119,96
12/24/09;119,88;119,83
12/23/09;119,26;119,20
12/22/09;118,98;118,93
12/21/09;118,56;118,50
12/18/09;117,33;117,27
12/17/09;116,65;116,59
12/16/09;118,05;117,99
12/15/09;117,92;117,85
12/14/09;118,57;118,51
12/11/09;117,75;117,69
12/10/09;117,32;117,26
12/09/09;116,63;116,58
12/08/09;116,19;116,15
12/07/09;117,39;117,36
12/04/09;117,69;117,65
12/03/09;117,04;117,00
12/02/09;118,03;117,99
12/01/09;117,99;117,95
11/30/09;116,58;116,55
11/27/09;116,14;116,11
11/25/09;118,18;118,14
11/24/09;117,65;117,61
11/23/09;117,71;117,67
11/20/09;116,13;116,09
11/19/09;116,51;116,47
11/18/09;118,09;118,05
11/17/09;118,15;118,11
11/16/09;118,04;118,00
11/13/09;116,36;116,32
11/12/09;115,69;115,65
11/11/09;116,89;116,85
11/10/09;116,31;116,27
11/09/09;116,31;116,27
11/06/09;113,78;113,74
11/05/09;113,50;113,46
11/04/09;111,36;111,32
11/03/09;111,24;111,20
11/02/09;110,97;110,93
10/30/09;110,26;110,22
10/29/09;113,44;113,41
10/28/09;110,95;110,91
10/27/09;113,16;113,12
10/26/09;113,54;113,49
10/23/09;114,89;114,84
10/22/09;116,30;116,26
10/21/09;115,07;115,03
10/20/09;116,09;116,06
10/19/09;116,82;116,79
10/16/09;115,73;115,70
10/15/09;116,68;116,64
10/14/09;116,20;116,16
10/13/09;114,19;114,16
10/12/09;114,51;114,48
10/09/09;114,01;113,98
10/08/09;113,37;113,34
10/07/09;112,53;112,50
10/06/09;112,23;112,19
10/05/09;110,71;110,68
10/02/09;109,09;109,05
10/01/09;109,58;109,55
09/30/09;112,48;112,44
09/29/09;112,85;112,82
09/28/09;113,11;113,07
09/25/09;111,13;111,09
09/24/09;111,81;111,77
09/23/09;112,88;112,85
09/22/09;114,03;114,00
09/21/09;113,28;113,25
09/18/09;113,67;113,64
09/17/09;113,37;113,34
09/16/09;113,72;113,69
09/15/09;112,01;111,97
09/14/09;111,66;111,62
09/11/09;110,96;110,92
09/10/09;111,11;111,07
09/09/09;109,96;109,92
09/08/09;109,11;109,07
09/04/09;108,15;108,12
09/03/09;106,75;106,72
09/02/09;105,85;105,82
09/01/09;106,20;106,16
08/31/09;108,60;108,57
08/28/09;109,48;109,45
08/27/09;109,70;109,67
08/26/09;109,39;109,36
08/25/09;109,39;109,35
08/24/09;109,13;109,09
08/21/09;109,19;109,15
08/20/09;107,19;107,16
08/19/09;106,03;106,00
08/18/09;105,31;105,27
08/17/09;104,26;104,22
08/14/09;106,85;106,81
08/13/09;107,77;107,73
08/12/09;107,03;106,99
08/11/09;105,81;105,77
08/10/09;107,16;107,13
08/07/09;107,53;107,49
08/06/09;106,11;106,06
08/05/09;106,70;106,66
08/04/09;107,02;106,97
08/03/09;106,70;106,65
07/31/09;105,08;105,04
07/30/09;105,00;104,96
07/29/09;103,76;103,73
07/28/09;104,24;104,21
07/27/09;104,52;104,48
07/24/09;104,20;104,17
07/23/09;103,89;103,85
07/22/09;101,50;101,49
07/21/09;101,56;101,54
07/20/09;101,19;101,17
07/17/09;100,04;100,03
07/16/09;100,08;100,07
07/15/09;99,22;99,21
07/14/09;96,37;96,36
07/13/09;95,86;95,85
07/10/09;93,53;93,52
07/09/09;93,90;93,89
07/08/09;93,57;93,56
07/07/09;93,73;93,72
07/06/09;95,61;95,60
07/02/09;95,37;95,36
07/01/09;98,22;98,22
06/30/09;97,79;97,79
06/29/09;98,63;98,63
06/26/09;97,74;97,75
06/25/09;97,89;97,89
06/24/09;95,83;95,84
06/23/09;95,21;95,21
06/22/09;94,99;95,00
06/19/09;97,99;97,99
06/18/09;97,69;97,69
06/17/09;96,87;96,87
06/16/09;97,00;97,01
06/15/09;98,26;98,26
06/12/09;100,65;100,65
06/11/09;100,51;100,51
06/10/09;99,90;99,90
06/09/09;100,24;100,25
06/08/09;99,90;99,90
06/05/09;100,00;100,00