data,scontrini_R001,totale_R001
2018-01-01,21884.0,578251.44
2018-01-02,0.0,0.0
2018-01-03,0.0,0.0
2018-01-04,0.0,0.0
2018-01-05,0.0,0.0
2018-01-06,0.0,0.0
2018-01-07,0.0,0.0
2018-01-08,0.0,0.0
2018-01-09,0.0,0.0
2018-01-10,0.0,0.0
2018-01-11,0.0,0.0
2018-01-12,0.0,0.0
2018-01-13,0.0,0.0
2018-01-14,0.0,0.0
2018-01-15,0.0,0.0
2018-01-16,0.0,0.0
2018-01-17,0.0,0.0
2018-01-18,0.0,0.0
2018-01-19,0.0,0.0
2018-01-20,0.0,0.0
2018-01-21,0.0,0.0
2018-01-22,0.0,0.0
2018-01-23,0.0,0.0
2018-01-24,0.0,0.0
2018-01-25,0.0,0.0
2018-01-26,0.0,0.0
2018-01-27,0.0,0.0
2018-01-28,0.0,0.0
2018-01-29,0.0,0.0
2018-01-30,0.0,0.0
2018-01-31,0.0,0.0
2018-02-01,17490.0,447894.72
2018-02-02,0.0,0.0
2018-02-03,0.0,0.0
2018-02-04,0.0,0.0
2018-02-05,0.0,0.0
2018-02-06,0.0,0.0
2018-02-07,0.0,0.0
2018-02-08,0.0,0.0
2018-02-09,0.0,0.0
2018-02-10,0.0,0.0
2018-02-11,0.0,0.0
2018-02-12,0.0,0.0
2018-02-13,0.0,0.0
2018-02-14,0.0,0.0
2018-02-15,0.0,0.0
2018-02-16,0.0,0.0
2018-02-17,0.0,0.0
2018-02-18,0.0,0.0
2018-02-19,0.0,0.0
2018-02-20,0.0,0.0
2018-02-21,0.0,0.0
2018-02-22,0.0,0.0
2018-02-23,0.0,0.0
2018-02-24,0.0,0.0
2018-02-25,0.0,0.0
2018-02-26,0.0,0.0
2018-02-27,0.0,0.0
2018-02-28,0.0,0.0
2018-03-01,21714.0,519689.04
2018-03-02,0.0,0.0
2018-03-03,0.0,0.0
2018-03-04,0.0,0.0
2018-03-05,0.0,0.0
2018-03-06,0.0,0.0
2018-03-07,0.0,0.0
2018-03-08,0.0,0.0
2018-03-09,0.0,0.0
2018-03-10,0.0,0.0
2018-03-11,0.0,0.0
2018-03-12,0.0,0.0
2018-03-13,0.0,0.0
2018-03-14,0.0,0.0
2018-03-15,0.0,0.0
2018-03-16,0.0,0.0
2018-03-17,0.0,0.0
2018-03-18,0.0,0.0
2018-03-19,0.0,0.0
2018-03-20,0.0,0.0
2018-03-21,0.0,0.0
2018-03-22,0.0,0.0
2018-03-23,0.0,0.0
2018-03-24,0.0,0.0
2018-03-25,0.0,0.0
2018-03-26,0.0,0.0
2018-03-27,0.0,0.0
2018-03-28,0.0,0.0
2018-03-29,0.0,0.0
2018-03-30,0.0,0.0
2018-03-31,0.0,0.0
2018-04-01,22326.0,558392.64
2018-04-02,0.0,0.0
2018-04-03,0.0,0.0
2018-04-04,0.0,0.0
2018-04-05,0.0,0.0
2018-04-06,0.0,0.0
2018-04-07,0.0,0.0
2018-04-08,0.0,0.0
2018-04-09,0.0,0.0
2018-04-10,0.0,0.0
2018-04-11,0.0,0.0
2018-04-12,0.0,0.0
2018-04-13,0.0,0.0
2018-04-14,0.0,0.0
2018-04-15,0.0,0.0
2018-04-16,0.0,0.0
2018-04-17,0.0,0.0
2018-04-18,0.0,0.0
2018-04-19,0.0,0.0
2018-04-20,0.0,0.0
2018-04-21,0.0,0.0
2018-04-22,0.0,0.0
2018-04-23,0.0,0.0
2018-04-24,0.0,0.0
2018-04-25,0.0,0.0
2018-04-26,0.0,0.0
2018-04-27,0.0,0.0
2018-04-28,0.0,0.0
2018-04-29,0.0,0.0
2018-04-30,0.0,0.0
2018-05-01,19669.0,493743.12
2018-05-02,0.0,0.0
2018-05-03,0.0,0.0
2018-05-04,0.0,0.0
2018-05-05,0.0,0.0
2018-05-06,0.0,0.0
2018-05-07,0.0,0.0
2018-05-08,0.0,0.0
2018-05-09,0.0,0.0
2018-05-10,0.0,0.0
2018-05-11,0.0,0.0
2018-05-12,0.0,0.0
2018-05-13,0.0,0.0
2018-05-14,0.0,0.0
2018-05-15,0.0,0.0
2018-05-16,0.0,0.0
2018-05-17,0.0,0.0
2018-05-18,0.0,0.0
2018-05-19,0.0,0.0
2018-05-20,0.0,0.0
2018-05-21,0.0,0.0
2018-05-22,0.0,0.0
2018-05-23,0.0,0.0
2018-05-24,0.0,0.0
2018-05-25,0.0,0.0
2018-05-26,0.0,0.0
2018-05-27,0.0,0.0
2018-05-28,0.0,0.0
2018-05-29,0.0,0.0
2018-05-30,0.0,0.0
2018-05-31,0.0,0.0
2018-06-01,20747.0,515246.16
2018-06-02,0.0,0.0
2018-06-03,0.0,0.0
2018-06-04,0.0,0.0
2018-06-05,0.0,0.0
2018-06-06,0.0,0.0
2018-06-07,0.0,0.0
2018-06-08,0.0,0.0
2018-06-09,0.0,0.0
2018-06-10,0.0,0.0
2018-06-11,0.0,0.0
2018-06-12,0.0,0.0
2018-06-13,0.0,0.0
2018-06-14,0.0,0.0
2018-06-15,0.0,0.0
2018-06-16,0.0,0.0
2018-06-17,0.0,0.0
2018-06-18,0.0,0.0
2018-06-19,0.0,0.0
2018-06-20,0.0,0.0
2018-06-21,0.0,0.0
2018-06-22,0.0,0.0
2018-06-23,0.0,0.0
2018-06-24,0.0,0.0
2018-06-25,0.0,0.0
2018-06-26,0.0,0.0
2018-06-27,0.0,0.0
2018-06-28,0.0,0.0
2018-06-29,0.0,0.0
2018-06-30,0.0,0.0
2018-07-01,23383.0,565634.16
2018-07-02,0.0,0.0
2018-07-03,0.0,0.0
2018-07-04,0.0,0.0
2018-07-05,0.0,0.0
2018-07-06,0.0,0.0
2018-07-07,0.0,0.0
2018-07-08,0.0,0.0
2018-07-09,0.0,0.0
2018-07-10,0.0,0.0
2018-07-11,0.0,0.0
2018-07-12,0.0,0.0
2018-07-13,0.0,0.0
2018-07-14,0.0,0.0
2018-07-15,0.0,0.0
2018-07-16,0.0,0.0
2018-07-17,0.0,0.0
2018-07-18,0.0,0.0
2018-07-19,0.0,0.0
2018-07-20,0.0,0.0
2018-07-21,0.0,0.0
2018-07-22,0.0,0.0
2018-07-23,0.0,0.0
2018-07-24,0.0,0.0
2018-07-25,0.0,0.0
2018-07-26,0.0,0.0
2018-07-27,0.0,0.0
2018-07-28,0.0,0.0
2018-07-29,0.0,0.0
2018-07-30,0.0,0.0
2018-07-31,0.0,0.0
2018-08-01,22298.0,572716.56
2018-08-02,0.0,0.0
2018-08-03,0.0,0.0
2018-08-04,0.0,0.0
2018-08-05,0.0,0.0
2018-08-06,0.0,0.0
2018-08-07,0.0,0.0
2018-08-08,0.0,0.0
2018-08-09,0.0,0.0
2018-08-10,0.0,0.0
2018-08-11,0.0,0.0
2018-08-12,0.0,0.0
2018-08-13,0.0,0.0
2018-08-14,0.0,0.0
2018-08-15,0.0,0.0
2018-08-16,0.0,0.0
2018-08-17,0.0,0.0
2018-08-18,0.0,0.0
2018-08-19,0.0,0.0
2018-08-20,0.0,0.0
2018-08-21,0.0,0.0
2018-08-22,0.0,0.0
2018-08-23,0.0,0.0
2018-08-24,0.0,0.0
2018-08-25,0.0,0.0
2018-08-26,0.0,0.0
2018-08-27,0.0,0.0
2018-08-28,0.0,0.0
2018-08-29,0.0,0.0
2018-08-30,0.0,0.0
2018-08-31,0.0,0.0
2018-09-01,1276.0,37903.63
2018-09-02,1070.0,32612.52
2018-09-03,657.0,18721.47
2018-09-04,647.0,18962.33
2018-09-05,635.0,17765.62
2018-09-06,652.0,19102.57
2018-09-07,886.0,25488.9
2018-09-08,1097.0,32575.64
2018-09-09,874.0,25072.94
2018-09-10,627.0,18584.34
2018-09-11,589.0,16702.2
2018-09-12,617.0,18511.86
2018-09-13,576.0,15433.36
2018-09-14,803.0,22686.42
2018-09-15,1308.0,36077.4
2018-09-16,835.0,26307.93
2018-09-17,521.0,13738.39
2018-09-18,563.0,15066.98
2018-09-19,548.0,15636.16
2018-09-20,711.0,18266.98
2018-09-21,778.0,21807.05
2018-09-22,1174.0,33418.94
2018-09-23,1009.0,31502.8
2018-09-24,460.0,10770.08
2018-09-25,502.0,13250.64
2018-09-26,470.0,11312.75
2018-09-27,490.0,11849.73
2018-09-28,835.0,21370.32
2018-09-29,1202.0,34837.39
2018-09-30,924.0,25549.43
2018-10-01,444.0,11727.3
2018-10-02,486.0,12561.12
2018-10-03,454.0,11111.57
2018-10-04,427.0,11315.58
2018-10-05,770.0,20834.42
2018-10-06,1292.0,35413.31
2018-10-07,907.0,27359.72
2018-10-08,411.0,10712.83
2018-10-09,406.0,9737.36
2018-10-10,483.0,12966.25
2018-10-11,483.0,13483.45
2018-10-12,772.0,21433.46
2018-10-13,1220.0,34588.98
2018-10-14,907.0,27493.38
2018-10-15,436.0,11673.92
2018-10-16,398.0,10186.11
2018-10-17,468.0,11177.15
2018-10-18,430.0,10817.63
2018-10-19,762.0,21378.93
2018-10-20,1291.0,35857.5
2018-10-21,888.0,25369.78
2018-10-22,425.0,11653.67
2018-10-23,404.0,9804.91
2018-10-24,462.0,12188.31
2018-10-25,431.0,11165.86
2018-10-26,654.0,19049.07
2018-10-27,1227.0,34521.18
2018-10-28,108.5,30348.86
2018-10-29,344.0,8503.03
2018-10-30,446.0,12092.37
2018-10-31,997.0,28608.03
2018-11-01,952.0,29553.3
2018-11-02,863.0,25407.91
2018-11-03,1364.0,38330.67
2018-11-04,972.0,29527.15
2018-11-05,378.0,10034.45
2018-11-06,378.0,10415.65
2018-11-07,418.0,12200.6
2018-11-08,424.0,13164.5
2018-11-09,660.0,18426.47
2018-11-10,1156.0,34527.6
2018-11-11,894.0,28064.96
2018-11-12,386.0,10587.6
2018-11-13,415.0,10461.24
2018-11-14,487.0,12507.86
2018-11-15,465.0,12547.55
2018-11-16,767.0,23041.79
2018-11-17,1225.0,36591.08
2018-11-18,998.0,31078.73
2018-11-19,418.0,10593.18
2018-11-20,464.0,12729.85
2018-11-21,506.0,12762.24
2018-11-22,526.0,12052.37
2018-11-23,904.0,25858.72
2018-11-24,1391.0,38408.23
2018-11-25,1075.0,32224.2
2018-11-26,446.0,11659.16
2018-11-27,419.0,10938.35
2018-11-28,444.0,11596.85
2018-11-29,440.0,12134.8
2018-11-30,744.0,20998.16
2018-12-01,1608.0,43061.65
2018-12-02,1001.0,32705.31
2018-12-03,513.0,13402.77
2018-12-04,456.0,12239.14
2018-12-05,505.0,14096.0
2018-12-06,563.0,13406.39
2018-12-07,821.0,22947.41
2018-12-08,1437.0,40714.28
2018-12-09,1009.0,30587.23
2018-12-10,512.0,13366.52
2018-12-11,523.0,15334.46
2018-12-12,609.0,16749.66
2018-12-13,506.0,14638.45
2018-12-14,784.0,22209.16
2018-12-15,1424.0,44078.61
2018-12-16,1076.0,34213.64
2018-12-17,576.0,15041.05
2018-12-18,589.0,16494.82
2018-12-19,600.0,15595.41
2018-12-20,779.0,20646.88
2018-12-21,1052.0,30022.82
2018-12-22,1387.0,41260.53
2018-12-23,1304.0,41372.35
2018-12-24,558.0,15707.3
2018-12-25,254.0,6816.05
2018-12-26,967.0,28039.91
2018-12-27,840.0,23441.22
2018-12-28,993.0,29171.44
2018-12-29,1319.0,39121.31
2018-12-30,1091.0,33883.67
2018-12-31,337.0,9733.78
2019-01-01,726.0,23194.8
2019-01-02,760.0,23153.68
2019-01-03,793.0,24102.22
2019-01-04,867.0,25598.91
2019-01-05,1489.0,45219.22
2019-01-06,1030.0,31994.51
2019-01-07,390.0,10425.79
2019-01-08,354.0,10072.76
2019-01-09,445.0,12663.67
2019-01-10,436.0,11819.5
2019-01-11,792.0,22814.69
2019-01-12,1408.0,41417.31
2019-01-13,1126.0,35243.4
2019-01-14,433.0,10859.0
2019-01-15,453.0,12502.28
2019-01-16,469.0,13817.7
2019-01-17,461.0,12978.89
2019-01-18,764.0,20895.54
2019-01-19,1140.0,33018.62
2019-01-20,1030.0,32756.13
2019-01-21,412.0,10855.04
2019-01-22,417.0,11220.74
2019-01-23,261.0,6497.99
2019-01-24,493.0,13556.74
2019-01-25,814.0,22470.21
2019-01-26,1355.0,39085.36
2019-01-27,1043.0,30621.55
2019-01-28,460.0,11413.02
2019-01-29,423.0,11469.87
2019-01-30,353.0,9974.86
2019-01-31,364.0,10313.32
2019-02-01,555.0,15628.74
2019-02-02,1199.0,36402.19
2019-02-03,1091.0,34205.18
2019-02-04,457.0,12273.74
2019-02-05,443.0,12235.77
2019-02-06,498.0,13595.71
2019-02-07,383.0,10621.1
2019-02-08,688.0,19405.15
2019-02-09,1288.0,36995.52
2019-02-10,1003.0,30999.98
2019-02-11,476.0,11753.26
2019-02-12,484.0,13682.29
2019-02-13,534.0,13892.99
2019-02-14,618.0,16536.56
2019-02-15,796.0,21801.0
2019-02-16,1322.0,37802.08
2019-02-17,1041.0,31964.52
2019-02-18,451.0,10583.91
2019-02-19,451.0,11637.94
2019-02-20,463.0,12867.35
2019-02-21,576.0,15123.01
2019-02-22,803.0,22674.66
2019-02-23,1239.0,38071.11
2019-02-24,998.0,29426.0
2019-02-25,483.0,11596.98
2019-02-26,500.0,12031.97
2019-02-27,548.0,13155.48
2019-02-28,590.0,14669.02
2019-03-01,826.0,22284.57
2019-03-02,1404.0,36224.29
2019-03-03,697.0,30441.75
2019-03-04,667.0,18681.28
2019-03-05,580.0,16902.44
2019-03-06,534.0,13958.26
2019-03-07,467.0,12500.59
2019-03-08,794.0,21994.6
2019-03-09,1319.0,36187.57
2019-03-10,993.0,28791.58
2019-03-11,452.0,10261.8
2019-03-12,461.0,12619.46
2019-03-13,510.0,13019.17
2019-03-14,522.0,12740.99
2019-03-15,720.0,19169.94
2019-03-16,1364.0,37290.49
2019-03-17,1111.0,33022.3
2019-03-18,541.0,13454.75
2019-03-19,518.0,13839.91
2019-03-20,457.0,12545.55
2019-03-21,545.0,13155.45
2019-03-22,830.0,22423.81
2019-03-23,1272.0,35798.66
2019-03-24,990.0,28478.14
2019-03-25,426.0,10924.27
2019-03-26,487.0,12070.66
2019-03-27,516.0,13419.74
2019-03-28,830.0,15339.14
2019-03-29,742.0,19350.77
2019-03-30,1285.0,34493.28
2019-03-31,974.0,28645.41
2019-04-01,556.0,13604.73
2019-04-02,494.0,12203.76
2019-04-03,509.0,14695.23
2019-04-04,514.0,12369.71
2019-04-05,865.0,22736.72
2019-04-06,1275.0,36390.87
2019-04-07,1246.0,36135.15
2019-04-08,491.0,11828.51
2019-04-09,506.0,13288.64
2019-04-10,472.0,11896.03
2019-04-11,556.0,14924.21
2019-04-12,891.0,23919.79
2019-04-13,1301.0,36038.28
2019-04-14,1164.0,37056.99
2019-04-15,530.0,13491.07
2019-04-16,531.0,13938.04
2019-04-17,710.0,19020.42
2019-04-18,911.0,23956.98
2019-04-19,900.0,23270.86
2019-04-20,1338.0,36501.75
2019-04-21,290.0,8697.16
2019-04-22,738.0,20928.21
2019-04-23,867.0,24188.64
2019-04-24,969.0,26742.86
2019-04-25,1153.0,35270.51
2019-04-26,1027.0,30360.25
2019-04-27,1302.0,34715.12
2019-04-28,1302.0,25829.61
2019-04-29,587.0,15129.38
2019-04-30,795.0,21953.07
2019-05-01,799.0,22617.63
2019-05-02,457.0,11342.45
2019-05-03,891.0,23699.93
2019-05-04,1119.0,30855.18
2019-05-05,1297.0,35569.47
2019-05-06,482.0,12477.41
2019-05-07,463.0,12762.67
2019-05-08,524.0,14357.8
2019-05-09,550.0,14667.96
2019-05-10,844.0,23254.39
2019-05-11,1283.0,34749.16
2019-05-12,1043.0,29992.06
2019-05-13,514.0,13651.12
2019-05-14,515.0,12219.01
2019-05-15,602.0,16752.4
2019-05-16,709.0,16000.51
2019-05-17,843.0,22487.43
2019-05-18,1349.0,41191.99
2019-05-19,1135.0,34485.58
2019-05-20,459.0,11579.19
2019-05-21,477.0,13106.93
2019-05-22,551.0,15023.17
2019-05-23,626.0,16661.27
2019-05-24,787.0,21091.98
2019-05-25,1129.0,33104.98
2019-05-26,1021.0,31090.49
2019-05-27,633.0,16934.27
2019-05-28,539.0,12758.3
2019-05-29,577.0,13513.66
2019-05-30,569.0,13772.93
2019-05-31,735.0,17970.17
2019-06-01,1130.0,29035.13
2019-06-02,906.0,24667.91
2019-06-03,481.0,11917.62
2019-06-04,495.0,12359.72
2019-06-05,533.0,12780.39
2019-06-06,540.0,13451.01
2019-06-07,754.0,21644.84
2019-06-08,1049.0,28437.36
2019-06-09,1037.0,29383.16
2019-06-10,533.0,14291.44
2019-06-11,551.0,14376.96
2019-06-12,499.0,13585.04
2019-06-13,555.0,14492.03
2019-06-14,779.0,22111.5
2019-06-15,1001.0,29466.43
2019-06-16,921.0,25747.49
2019-06-17,535.0,13307.27
2019-06-18,484.0,13228.24
2019-06-19,506.0,13823.38
2019-06-20,596.0,15400.98
2019-06-21,742.0,20606.7
2019-06-22,1146.0,31033.05
2019-06-23,842.0,22908.41
2019-06-24,515.0,13797.08
2019-06-25,556.0,14210.91
2019-06-26,567.0,14300.93
2019-06-27,593.0,14626.87
2019-06-28,775.0,21968.11
2019-06-29,921.0,26094.4
2019-06-30,1049.0,28674.77
2019-07-01,594.0,15322.98
2019-07-02,619.0,15322.63
2019-07-03,646.0,15336.7
2019-07-04,585.0,15318.05
2019-07-05,844.0,21529.25
2019-07-06,1240.0,33933.87
2019-07-07,1099.0,31019.01
2019-07-08,624.0,15670.98
2019-07-09,683.0,17669.03
2019-07-10,872.0,21320.11
2019-07-11,695.0,18570.55
2019-07-12,889.0,23960.85
2019-07-13,1294.0,35166.77
2019-07-14,1167.0,34775.05
2019-07-15,811.0,22125.95
2019-07-16,558.0,14660.29
2019-07-17,597.0,15850.97
2019-07-18,659.0,17162.06
2019-07-19,773.0,19588.02
2019-07-20,1128.0,32073.69
2019-07-21,979.0,26840.67
2019-07-22,645.0,15564.71
2019-07-23,568.0,14916.22
2019-07-24,616.0,15141.08
2019-07-25,596.0,15940.83
2019-07-26,783.0,20392.6
2019-07-27,1221.0,34150.99
2019-07-28,1263.0,37896.71
2019-07-29,628.0,15553.2
2019-07-30,580.0,15226.91
2019-07-31,621.0,15303.35
2019-08-01,656.0,17652.34
2019-08-02,764.0,20914.92
2019-08-03,1012.0,27714.18
2019-08-04,946.0,25505.16
2019-08-05,633.0,16273.92
2019-08-06,600.0,15124.67
2019-08-07,628.0,16546.23
2019-08-08,670.0,18699.03
2019-08-09,675.0,17799.57
2019-08-10,990.0,26911.68
2019-08-11,882.0,24707.47
2019-08-12,648.0,19752.88
2019-08-13,669.0,18445.0
2019-08-14,667.0,18808.02
2019-08-15,254.0,7791.11
2019-08-16,668.0,19672.63
2019-08-17,973.0,25583.28
2019-08-18,843.0,24607.03
2019-08-19,683.0,17734.33
2019-08-20,591.0,16284.06
2019-08-21,700.0,21582.66
2019-08-22,679.0,19179.45
2019-08-23,826.0,22882.8
2019-08-24,1218.0,35125.4
2019-08-25,1012.0,29841.08
2019-08-26,596.0,15764.14
2019-08-27,600.0,16425.65
2019-08-28,833.0,23167.22
2019-08-29,691.0,19451.48
2019-08-30,844.0,21701.47
2019-08-31,949.0,31853.98
2019-09-01,1128.0,32889.11
2019-09-02,600.0,17189.33
2019-09-03,681.0,17799.16
2019-09-04,732.0,19777.65
2019-09-05,773.0,21097.0
2019-09-06,1047.0,27735.05
2019-09-07,1273.0,34851.77
2019-09-08,1092.0,34021.48
2019-09-09,716.0,20027.72
2019-09-10,687.0,20121.5
2019-09-11,670.0,18026.52
2019-09-12,608.0,17274.97
2019-09-13,878.0,24139.75
2019-09-14,1230.0,36931.35
2019-09-15,1104.0,32371.03
2019-09-16,492.0,13410.13
2019-09-17,580.0,14376.3
2019-09-18,610.0,16092.3
2019-09-19,728.0,18050.48
2019-09-20,864.0,23943.94
2019-09-21,1202.0,35175.6
2019-09-22,1037.0,31774.89
2019-09-23,484.0,13087.0
2019-09-24,473.0,13328.95
2019-09-25,494.0,13721.29
2019-09-26,493.0,13207.96
2019-09-27,806.0,22221.79
2019-09-28,1186.0,35144.77
2019-09-29,1071.0,31654.77
2019-09-30,447.0,11273.46
2019-10-01,457.0,12506.21
2019-10-02,461.0,12910.06
2019-10-03,511.0,14054.63
2019-10-04,731.0,20148.34
2019-10-05,1174.0,34793.74
2019-10-06,1075.0,31799.94
2019-10-07,471.0,13199.16
2019-10-08,467.0,14383.04
2019-10-09,520.0,14151.01
2019-10-10,532.0,13841.41
2019-10-11,832.0,22800.99
2019-10-12,1312.0,38325.18
2019-10-13,1101.0,34301.72
2019-10-14,471.0,12924.76
2019-10-15,572.0,14651.02
2019-10-16,571.0,15978.14
2019-10-17,533.0,13631.31
2019-10-18,843.0,24777.14
2019-10-19,1319.0,40156.46
2019-10-20,1235.0,36085.51
2019-10-21,398.0,10518.33
2019-10-22,546.0,15747.26
2019-10-23,524.0,14370.22
2019-10-24,524.0,14378.8
2019-10-25,876.0,24281.24
2019-10-26,1401.0,42199.15
2019-10-27,1153.0,36755.75
2019-10-28,512.0,13551.13
2019-10-29,502.0,14620.94
2019-10-30,570.0,15406.81
2019-10-31,1077.0,33080.02
2019-11-01,1027.0,34110.62
2019-11-02,1339.0,41653.12
2019-11-03,1209.0,37539.0
2019-11-04,511.0,13951.86
2019-11-05,518.0,13553.37
2019-11-06,505.0,13090.4
2019-11-07,532.0,14438.49
2019-11-08,841.0,23294.64
2019-11-09,1349.0,39417.42
2019-11-10,1260.0,38526.91
2019-11-11,456.0,12393.23
2019-11-12,499.0,13950.74
2019-11-13,531.0,14290.75
2019-11-14,512.0,13739.39
2019-11-15,807.0,22800.93
2019-11-16,1274.0,38755.89
2019-11-17,1300.0,40445.78
2019-11-18,510.0,12939.42
2019-11-19,502.0,12729.29
2019-11-20,579.0,14242.02
2019-11-21,603.0,15977.71
2019-11-22,864.0,23278.76
2019-11-23,1367.0,37957.51
2019-11-24,1277.0,37961.66
2019-11-25,494.0,12537.22
2019-11-26,473.0,12472.32
2019-11-27,556.0,15486.9
2019-11-28,534.0,15288.47
2019-11-29,948.0,28049.02
2019-11-30,412.0,42852.33
2019-12-01,1258.0,41277.48
2019-12-02,542.0,15333.83
2019-12-03,527.0,13452.0
2019-12-04,568.0,15873.16
2019-12-05,550.0,15527.09
2019-12-06,859.0,24677.8
2019-12-07,1250.0,36268.97
2019-12-08,1297.0,39499.04
2019-12-09,597.0,17509.38
2019-12-10,703.0,17143.84
2019-12-11,620.0,19577.13
2019-12-12,702.0,16668.97
2019-12-13,850.0,25392.24
2019-12-14,1457.0,44176.39
2019-12-15,1260.0,41452.2
2019-12-16,577.0,15647.89
2019-12-17,620.0,16894.64
2019-12-18,674.0,20168.83
2019-12-19,808.0,21947.27
2019-12-20,1005.0,29636.94
2019-12-21,1611.0,48412.63
2019-12-22,1496.0,48152.68
2019-12-23,951.0,28264.64
2019-12-24,554.0,16312.95
2019-12-25,340.0,9364.31
2019-12-26,976.0,30859.17
2019-12-27,1104.0,33013.84
2019-12-28,1521.0,42678.51
2019-12-29,1219.0,36449.28
2019-12-30,894.0,27476.69
2019-12-31,361.0,11076.5
2020-01-01,1056.0,31648.16
2020-01-02,969.0,29012.32
2020-01-03,945.0,29097.09
2020-01-04,1485.0,45241.0
2020-01-05,1411.0,40483.47
2020-01-06,765.0,23079.83
2020-01-07,465.0,11434.02
2020-01-08,448.0,11702.5
2020-01-09,466.0,12937.05
2020-01-10,801.0,21534.96
2020-01-11,1364.0,37752.5
2020-01-12,1169.0,36336.46
2020-01-13,435.0,11014.66
2020-01-14,473.0,12934.96
2020-01-15,492.0,12773.84
2020-01-16,539.0,14823.74
2020-01-17,779.0,22759.0
2020-01-18,1191.0,37211.18
2020-01-19,1237.0,38551.16
2020-01-20,458.0,12573.88
2020-01-21,440.0,11643.34
2020-01-22,519.0,14299.21
2020-01-23,590.0,15239.45
2020-01-24,741.0,20216.63
2020-01-25,1461.0,39526.34
2020-01-26,1148.0,35691.65
2020-01-27,443.0,10381.24
2020-01-28,476.0,11588.37
2020-01-29,507.0,12353.58
2020-01-30,522.0,12880.8
2020-01-31,838.0,21659.94
2020-02-01,1395.0,41000.01
2020-02-02,1291.0,37000.95
2020-02-03,475.0,12090.47
2020-02-04,491.0,13113.7
2020-02-05,548.0,15030.44
2020-02-06,517.0,14787.99
2020-02-07,761.0,21109.67
2020-02-08,1303.0,35927.74
2020-02-09,1170.0,36565.93
2020-02-10,463.0,10780.13
2020-02-11,495.0,13249.02
2020-02-12,560.0,14533.62
2020-02-13,540.0,13615.68
2020-02-14,966.0,27259.66
2020-02-15,1264.0,36686.83
2020-02-16,1205.0,36632.92
2020-02-17,524.0,13606.26
2020-02-18,450.0,11927.1
2020-02-19,492.0,13420.02
2020-02-20,549.0,15417.23
2020-02-21,779.0,22539.44
2020-02-22,1086.0,29137.43
2020-02-23,691.0,18799.87
2020-02-24,323.0,8513.92
2020-02-25,257.0,7169.92
2020-02-26,305.0,9286.52
2020-02-27,357.0,10111.76
2020-02-28,496.0,14767.18
2020-02-29,605.0,18850.26
2020-03-01,514.0,16076.83
2020-03-02,402.0,10784.25
2020-03-03,445.0,11500.13
2020-03-04,448.0,11351.93
2020-03-05,461.0,12039.02
2020-03-06,493.0,12529.02
2020-03-07,557.0,17284.96
2020-03-08,232.0,6096.07
2020-03-09,184.0,4695.51
2020-03-10,142.0,3805.03
2020-03-11,135.0,3475.43
2020-03-12,0.0,0.0
2020-03-13,0.0,0.0
2020-03-14,0.0,0.0
2020-03-15,0.0,0.0
2020-03-16,0.0,0.0
2020-03-17,0.0,0.0
2020-03-18,0.0,0.0
2020-03-19,0.0,0.0
2020-03-20,0.0,0.0
2020-03-21,0.0,0.0
2020-03-22,0.0,0.0
2020-03-23,0.0,0.0
2020-03-24,0.0,0.0
2020-03-25,0.0,0.0
2020-03-26,0.0,0.0
2020-03-27,0.0,0.0
2020-03-28,0.0,0.0
2020-03-29,0.0,0.0
2020-03-30,0.0,0.0
2020-03-31,0.0,0.0
2020-04-01,0.0,3.12
2020-04-02,0.0,0.0
2020-04-03,0.0,0.0
2020-04-04,0.0,0.0
2020-04-05,0.0,0.0
2020-04-06,0.0,0.0
2020-04-07,0.0,0.0
2020-04-08,0.0,0.0
2020-04-09,0.0,0.0
2020-04-10,0.0,0.0
2020-04-11,0.0,0.0
2020-04-12,0.0,0.0
2020-04-13,0.0,0.0
2020-04-14,0.0,0.0
2020-04-15,0.0,0.0
2020-04-16,0.0,0.0
2020-04-17,0.0,0.0
2020-04-18,0.0,0.0
2020-04-19,0.0,0.0
2020-04-20,0.0,0.0
2020-04-21,0.0,0.0
2020-04-22,0.0,0.0
2020-04-23,0.0,0.0
2020-04-24,0.0,0.0
2020-04-25,0.0,0.0
2020-04-26,0.0,0.0
2020-04-27,0.0,0.0
2020-04-28,0.0,0.0
2020-04-29,0.0,0.0
2020-04-30,0.0,0.0
2020-05-01,0.0,0.0
2020-05-02,0.0,0.0
2020-05-03,0.0,0.0
2020-05-04,0.0,0.0
2020-05-05,0.0,0.0
2020-05-06,0.0,0.0
2020-05-07,181.0,9723.73
2020-05-08,239.0,11811.04
2020-05-09,296.0,16319.91
2020-05-10,209.0,11471.93
2020-05-11,237.0,10446.6
2020-05-12,200.0,8116.21
2020-05-13,228.0,10477.65
2020-05-14,241.0,9853.27
2020-05-15,290.0,12862.04
2020-05-16,315.0,15398.88
2020-05-17,273.0,14234.22
2020-05-18,285.0,14548.87
2020-05-19,311.0,13430.2
2020-05-20,297.0,11734.16
2020-05-21,323.0,13249.39
2020-05-22,287.0,14629.77
2020-05-23,458.0,21098.38
2020-05-24,457.0,18822.02
2020-05-25,326.0,12182.79
2020-05-26,321.0,12659.74
2020-05-27,307.0,10964.77
2020-05-28,329.0,11329.16
2020-05-29,367.0,15673.07
2020-05-30,497.0,20964.37
2020-05-31,490.0,19465.9
2020-06-01,420.0,16684.73
2020-06-02,376.0,15208.81
2020-06-03,357.0,13729.31
2020-06-04,371.0,13903.91
2020-06-05,384.0,13247.15
2020-06-06,568.0,21442.45
2020-06-07,571.0,24687.47
2020-06-08,376.0,14723.9
2020-06-09,355.0,14249.57
2020-06-10,384.0,13758.05
2020-06-11,427.0,16852.9
2020-06-12,430.0,16631.5
2020-06-13,525.0,20744.26
2020-06-14,477.0,19816.4
2020-06-15,364.0,13343.34
2020-06-16,350.0,12422.28
2020-06-17,374.0,14073.7
2020-06-18,371.0,14080.75
2020-06-19,424.0,15529.02
2020-06-20,485.0,19517.16
2020-06-21,467.0,17865.43
2020-06-22,296.0,9525.83
2020-06-23,347.0,11971.88
2020-06-24,383.0,13058.14
2020-06-25,412.0,13910.27
2020-06-26,422.0,16100.6
2020-06-27,501.0,17893.48
2020-06-28,518.0,21014.14
2020-06-29,379.0,11994.18
2020-06-30,373.0,12899.14
2020-07-01,398.0,13860.13
2020-07-02,397.0,13278.66
2020-07-03,434.0,14807.52
2020-07-04,525.0,20010.34
2020-07-05,465.0,17777.42
2020-07-06,413.0,13622.29
2020-07-07,379.0,12306.84
2020-07-08,387.0,12227.12
2020-07-09,338.0,11630.05
2020-07-10,426.0,14952.16
2020-07-11,565.0,19817.05
2020-07-12,554.0,20976.7
2020-07-13,386.0,12098.86
2020-07-14,392.0,12593.44
2020-07-15,422.0,14509.22
2020-07-16,427.0,14013.64
2020-07-17,432.0,14629.21
2020-07-18,576.0,20958.13
2020-07-19,511.0,19798.9
2020-07-20,355.0,11825.11
2020-07-21,393.0,12135.77
2020-07-22,422.0,13346.61
2020-07-23,400.0,12580.21
2020-07-24,450.0,16489.67
2020-07-25,579.0,21006.3
2020-07-26,505.0,19751.91
2020-07-27,389.0,12162.35
2020-07-28,332.0,10291.01
2020-07-29,394.0,13245.18
2020-07-30,369.0,11174.34
2020-07-31,444.0,15021.83
2020-08-01,518.0,18549.8
2020-08-02,629.0,22540.69
2020-08-03,504.0,16002.01
2020-08-04,493.0,15464.12
2020-08-05,415.0,13281.84
2020-08-06,416.0,13542.83
2020-08-07,441.0,14598.54
2020-08-08,547.0,19978.95
2020-08-09,507.0,18440.14
2020-08-10,409.0,14257.15
2020-08-11,397.0,13837.7
2020-08-12,416.0,13744.57
2020-08-13,442.0,12829.44
2020-08-14,477.0,16621.92
2020-08-15,188.0,7023.74
2020-08-16,528.0,19418.57
2020-08-17,427.0,15642.0
2020-08-18,427.0,14699.16
2020-08-19,422.0,14191.76
2020-08-20,420.0,14608.71
2020-08-21,409.0,13449.82
2020-08-22,557.0,19687.98
2020-08-23,530.0,18585.53
2020-08-24,436.0,14561.98
2020-08-25,415.0,13008.4
2020-08-26,413.0,15372.71
2020-08-27,452.0,15550.8
2020-08-28,515.0,17516.62
2020-08-29,726.0,23891.59
2020-08-30,693.0,26188.81
2020-08-31,505.0,15890.47
2020-09-01,461.0,16804.73
2020-09-02,535.0,17655.14
2020-09-03,504.0,16009.34
2020-09-04,562.0,19069.28
2020-09-05,658.0,22010.04
2020-09-06,658.0,23209.56
2020-09-07,501.0,16718.4
2020-09-08,525.0,17717.42
2020-09-09,471.0,15702.59
2020-09-10,500.0,16962.82
2020-09-11,594.0,20567.35
2020-09-12,730.0,23606.95
2020-09-13,584.0,21667.78
2020-09-14,443.0,14991.29
2020-09-15,584.0,14267.29
2020-09-16,411.0,14545.91
2020-09-17,386.0,12910.78
2020-09-18,541.0,19290.02
2020-09-19,702.0,24832.58
2020-09-20,689.0,24301.96
2020-09-21,485.0,15425.31
2020-09-22,399.0,12563.3
2020-09-23,451.0,14637.79
2020-09-24,440.0,13772.9
2020-09-25,543.0,18052.32
2020-09-26,777.0,25127.39
2020-09-27,711.0,23279.76
2020-09-28,433.0,12993.71
2020-09-29,421.0,12523.15
2020-09-30,443.0,13848.28
2020-10-01,436.0,13669.13
2020-10-02,580.0,18688.83
2020-10-03,760.0,25433.15
2020-10-04,647.0,24978.66
2020-10-05,381.0,11614.82
2020-10-06,367.0,11252.12
2020-10-07,429.0,14135.53
2020-10-08,412.0,13512.81
2020-10-09,558.0,17941.44
2020-10-10,767.0,25553.05
2020-10-11,637.0,22703.8
2020-10-12,383.0,11181.92
2020-10-13,362.0,12085.16
2020-10-14,410.0,13657.71
2020-10-15,405.0,12827.44
2020-10-16,540.0,19424.62
2020-10-17,709.0,25581.69
2020-10-18,692.0,24060.35
2020-10-19,348.0,10641.85
2020-10-20,380.0,11616.38
2020-10-21,350.0,11980.21
2020-10-22,466.0,14635.14
2020-10-23,494.0,17641.26
2020-10-24,439.0,16955.33
2020-10-25,362.0,12649.26
2020-10-26,320.0,11002.9
2020-10-27,352.0,12148.34
2020-10-28,347.0,12249.59
2020-10-29,378.0,13412.88
2020-10-30,475.0,18402.6
2020-10-31,406.0,17935.91
2020-11-01,341.0,13754.24
2020-11-02,377.0,12972.15
2020-11-03,320.0,11613.89
2020-11-04,417.0,15632.14
2020-11-05,445.0,16213.55
2020-11-06,168.0,7170.7
2020-11-07,130.0,5715.28
2020-11-08,103.0,4701.84
2020-11-09,202.0,7464.44
2020-11-10,188.0,6694.74
2020-11-11,200.0,7596.58
2020-11-12,211.0,7873.76
2020-11-13,251.0,10971.82
2020-11-14,230.0,10272.13
2020-11-15,165.0,6552.47
2020-11-16,228.0,7962.86
2020-11-17,219.0,7932.79
2020-11-18,227.0,8704.39
2020-11-19,226.0,8123.86
2020-11-20,273.0,11073.6
2020-11-21,271.0,12305.06
2020-11-22,189.0,8365.34
2020-11-23,238.0,8915.09
2020-11-24,243.0,8857.37
2020-11-25,251.0,9673.56
2020-11-26,261.0,9951.86
2020-11-27,302.0,12899.8
2020-11-28,305.0,12767.04
2020-11-29,299.0,11696.88
2020-11-30,342.0,12745.54
2020-12-01,330.0,12563.93
2020-12-02,308.0,11985.64
2020-12-03,345.0,13115.04
2020-12-04,224.0,9296.2
2020-12-05,312.0,14382.7
2020-12-06,312.0,13020.35
2020-12-07,395.0,16239.13
2020-12-08,208.0,8888.72
2020-12-09,386.0,13575.9
2020-12-10,384.0,14766.43
2020-12-11,420.0,17670.59
2020-12-12,375.0,16202.1
2020-12-13,512.0,21843.87
2020-12-14,445.0,15519.72
2020-12-15,472.0,16650.29
2020-12-16,483.0,18935.22
2020-12-17,489.0,18511.33
2020-12-18,679.0,25138.62
2020-12-19,536.0,22731.7
2020-12-20,426.0,18470.93
2020-12-21,492.0,19504.56
2020-12-22,529.0,21042.43
2020-12-23,592.0,24025.09
2020-12-24,75.0,2738.42
2020-12-25,0.0,0.0
2020-12-26,0.0,0.0
2020-12-27,180.0,8578.78
2020-12-28,305.0,13084.87
2020-12-29,445.0,19141.42
2020-12-30,505.0,22597.32
2020-12-31,87.0,3391.28
2021-01-01,0.0,0.0
2021-01-02,258.0,12238.2
2021-01-03,200.0,9578.43
2021-01-04,521.0,21052.82
2021-01-05,235.0,9469.67
2021-01-06,0.0,0.0
2021-01-07,470.0,17269.04
2021-01-08,522.0,21170.45
2021-01-09,333.0,14927.11
2021-01-10,244.0,10051.55
2021-01-11,339.0,11944.8
2021-01-12,341.0,12725.08
2021-01-13,334.0,13145.53
2021-01-14,359.0,14849.08
2021-01-15,415.0,16923.6
2021-01-16,412.0,18056.13
2021-01-17,157.0,8057.4
2021-01-18,214.0,7391.9
2021-01-19,202.0,7982.08
2021-01-20,256.0,10795.67
2021-01-21,238.0,8199.86
2021-01-22,291.0,12023.7
2021-01-23,281.0,12336.73
2021-01-24,337.0,14389.97
2021-01-25,361.0,13499.74
2021-01-26,373.0,13641.7
2021-01-27,349.0,13350.32
2021-01-28,373.0,13454.88
2021-01-29,477.0,19027.79
2021-01-30,376.0,15071.82
2021-01-31,372.0,15516.2
2021-02-01,382.0,12410.89
2021-02-02,377.0,12857.05
2021-02-03,399.0,13796.45
2021-02-04,393.0,13216.16
2021-02-05,446.0,16543.08
2021-02-06,533.0,20652.84
2021-02-07,430.0,17479.96
2021-02-08,315.0,10139.5
2021-02-09,389.0,13253.26
2021-02-10,383.0,14507.22
2021-02-11,400.0,14981.4
2021-02-12,482.0,18337.02
2021-02-13,496.0,19895.87
2021-02-14,498.0,21015.66
2021-02-15,530.0,19195.8
2021-02-16,437.0,17069.99
2021-02-17,370.0,12516.85
2021-02-18,331.0,12489.52
2021-02-19,443.0,16362.37
2021-02-20,518.0,20465.3
2021-02-21,431.0,16660.61
2021-02-22,350.0,11642.16
2021-02-23,354.0,11801.4
2021-02-24,350.0,12477.04
2021-02-25,395.0,13036.64
2021-02-26,509.0,18976.68
2021-02-27,499.0,19639.62
2021-02-28,468.0,17870.92
2021-03-01,294.0,9326.62
2021-03-02,305.0,10884.18
2021-03-03,314.0,11715.13
2021-03-04,376.0,13656.96
2021-03-05,354.0,12723.64
2021-03-06,275.0,10856.66
2021-03-07,234.0,9381.12
2021-03-08,243.0,9292.45
2021-03-09,291.0,9686.76
2021-03-10,342.0,12933.8
2021-03-11,334.0,11977.21
2021-03-12,415.0,15939.14
2021-03-13,343.0,14872.98
2021-03-14,310.0,12276.11
2021-03-15,190.0,7035.76
2021-03-16,229.0,8130.25
2021-03-17,236.0,9387.92
2021-03-18,250.0,9797.42
2021-03-19,297.0,12089.69
2021-03-20,272.0,12156.64
2021-03-21,219.0,8960.33
2021-03-22,236.0,7961.46
2021-03-23,261.0,8219.2
2021-03-24,247.0,9340.62
2021-03-25,271.0,9535.41
2021-03-26,332.0,13818.48
2021-03-27,317.0,12912.28
2021-03-28,209.0,8328.96
2021-03-29,282.0,10204.58
2021-03-30,269.0,10688.5
2021-03-31,344.0,12046.88
2021-04-01,337.0,12683.14
2021-04-02,365.0,12757.84
2021-04-03,293.0,12018.05
2021-04-04,0.0,0.0
2021-04-05,0.0,0.0
2021-04-06,304.0,10727.81
2021-04-07,300.0,11121.12
2021-04-08,348.0,12973.9
2021-04-09,361.0,14995.34
2021-04-10,391.0,16379.69
2021-04-11,289.0,11718.03
2021-04-12,416.0,14294.9
2021-04-13,378.0,13834.86
2021-04-14,396.0,15048.85
2021-04-15,382.0,13368.42
2021-04-16,466.0,17640.17
2021-04-17,528.0,20311.36
2021-04-18,446.0,17582.29
2021-04-19,399.0,14325.17
2021-04-20,401.0,13117.1
2021-04-21,389.0,13873.3
2021-04-22,399.0,13547.35
2021-04-23,519.0,20240.22
2021-04-24,528.0,21637.86
2021-04-25,444.0,17357.62
2021-04-26,439.0,15212.81
2021-04-27,419.0,14529.22
2021-04-28,414.0,14497.24
2021-04-29,424.0,14716.26
2021-04-30,519.0,19721.83
2021-05-01,444.0,17643.51
2021-05-02,490.0,19122.17
2021-05-03,391.0,12644.58
2021-05-04,374.0,13028.96
2021-05-05,389.0,12653.41
2021-05-06,407.0,14280.71
2021-05-07,479.0,18003.99
2021-05-08,512.0,19403.44
2021-05-09,461.0,17332.85
2021-05-10,379.0,12692.41
2021-05-11,387.0,13155.2
2021-05-12,382.0,12651.63
2021-05-13,419.0,14371.34
2021-05-14,527.0,18786.77
2021-05-15,488.0,19390.43
2021-05-16,488.0,19366.46
2021-05-17,411.0,12743.11
2021-05-18,438.0,14125.18
2021-05-19,417.0,15305.0
2021-05-20,433.0,13607.26
2021-05-21,544.0,19286.75
2021-05-22,686.0,26518.5
2021-05-23,603.0,23467.8
2021-05-24,421.0,14103.8
2021-05-25,367.0,11715.44
2021-05-26,380.0,13869.8
2021-05-27,418.0,14540.73
2021-05-28,478.0,17070.61
2021-05-29,654.0,22932.84
2021-05-30,612.0,22633.32
2021-05-31,375.0,12426.99
2021-06-01,434.0,15480.35
2021-06-02,574.0,21776.98
2021-06-03,415.0,14092.98
2021-06-04,458.0,15570.02
2021-06-05,624.0,22587.74
2021-06-06,616.0,22793.5
2021-06-07,404.0,13433.97
2021-06-08,547.0,18856.16
2021-06-09,482.0,15550.42
2021-06-10,435.0,14477.58
2021-06-11,479.0,16906.34
2021-06-12,634.0,23213.21
2021-06-13,546.0,20893.92
2021-06-14,443.0,14237.9
2021-06-15,472.0,15930.03
2021-06-16,455.0,15107.32
2021-06-17,470.0,15226.13
2021-06-18,534.0,18179.15
2021-06-19,617.0,22527.27
2021-06-20,607.0,22321.6
2021-06-21,480.0,15981.11
2021-06-22,424.0,12673.25
2021-06-23,510.0,16356.76
2021-06-24,467.0,15967.22
2021-06-25,546.0,18984.7
2021-06-26,616.0,21483.66
2021-06-27,548.0,19703.7
2021-06-28,462.0,15078.37
2021-06-29,448.0,13954.64
2021-06-30,471.0,15012.35
2021-07-01,490.0,16638.18
2021-07-02,479.0,16210.08
2021-07-03,719.0,25060.93
2021-07-04,826.0,29391.02
2021-07-05,544.0,16499.65
2021-07-06,427.0,13717.42
2021-07-07,513.0,17614.3
2021-07-08,510.0,17005.09
2021-07-09,625.0,21077.0
2021-07-10,673.0,25662.0
2021-07-11,533.0,20383.65
2021-07-12,579.0,19363.09
2021-07-13,613.0,21743.06
2021-07-14,556.0,18631.89
2021-07-15,564.0,20787.53
2021-07-16,622.0,22011.13
2021-07-17,751.0,28328.2
2021-07-18,678.0,24326.45
2021-07-19,502.0,17721.76
2021-07-20,487.0,15526.99
2021-07-21,538.0,18395.46
2021-07-22,515.0,17681.04
2021-07-23,576.0,18770.2
2021-07-24,710.0,25020.25
2021-07-25,704.0,24159.66
2021-07-26,474.0,16154.42
2021-07-27,550.0,18559.26
2021-07-28,548.0,18928.29
2021-07-29,497.0,17054.48
2021-07-30,582.0,18666.8
2021-07-31,633.0,23860.92
2021-08-01,667.0,25875.1
2021-08-02,461.0,16341.56
2021-08-03,471.0,16522.9
2021-08-04,613.0,19634.04
2021-08-05,524.0,18077.69
2021-08-06,465.0,15240.26
2021-08-07,531.0,18656.98
2021-08-08,506.0,19676.12
2021-08-09,422.0,16178.92
2021-08-10,460.0,16098.14
2021-08-11,396.0,13761.07
2021-08-12,490.0,15706.8
2021-08-13,536.0,16616.37
2021-08-14,519.0,18828.08
2021-08-15,0.0,0.0
2021-08-16,474.0,17836.29
2021-08-17,506.0,18053.26
2021-08-18,508.0,17948.11
2021-08-19,500.0,18518.92
2021-08-20,474.0,16327.12
2021-08-21,549.0,19975.08
2021-08-22,526.0,18524.25
2021-08-23,489.0,15922.3
2021-08-24,524.0,16847.06
2021-08-25,494.0,16197.95
2021-08-26,429.0,15349.09
2021-08-27,594.0,20020.73
2021-08-28,683.0,24752.05
2021-08-29,594.0,21637.67
2021-08-30,476.0,15893.44
2021-08-31,558.0,20060.51
2021-09-01,560.0,19425.74
2021-09-02,580.0,21254.91
2021-09-03,555.0,19661.71
2021-09-04,652.0,23282.53
2021-09-05,649.0,24192.17
2021-09-06,462.0,14710.39
2021-09-07,505.0,17255.07
2021-09-08,512.0,17357.34
2021-09-09,497.0,17815.76
2021-09-10,553.0,19459.78
2021-09-11,666.0,23027.16
2021-09-12,574.0,22602.12
2021-09-13,500.0,17748.74
2021-09-14,398.0,13579.74
2021-09-15,417.0,14142.15
2021-09-16,504.0,18656.2
2021-09-17,591.0,20281.5
2021-09-18,734.0,25890.48
2021-09-19,718.0,26018.49
2021-09-20,591.0,12784.98
2021-09-21,417.0,15031.66
2021-09-22,392.0,13646.6
2021-09-23,515.0,17182.21
2021-09-24,557.0,19438.5
2021-09-25,759.0,28198.93
2021-09-26,680.0,25488.06
2021-09-27,427.0,15021.61
2021-09-28,418.0,14151.85
2021-09-29,428.0,14394.71
2021-09-30,434.0,13860.97
2021-10-01,582.0,20356.75
2021-10-02,719.0,26318.92
2021-10-03,716.0,27233.54
2021-10-04,383.0,12816.18
2021-10-05,441.0,15094.28
2021-10-06,454.0,15959.3
2021-10-07,430.0,14722.66
2021-10-08,539.0,19659.09
2021-10-09,794.0,29161.3
2021-10-10,678.0,26102.08
2021-10-11,384.0,14264.64
2021-10-12,409.0,14212.38
2021-10-13,420.0,14052.79
2021-10-14,472.0,17263.9
2021-10-15,671.0,24511.06
2021-10-16,810.0,31285.3
2021-10-17,719.0,26495.63
2021-10-18,399.0,12847.35
2021-10-19,412.0,13188.52
2021-10-20,435.0,15167.76
2021-10-21,383.0,13820.35
2021-10-22,576.0,20523.05
2021-10-23,720.0,29403.35
2021-10-24,696.0,29202.36
2021-10-25,441.0,15652.42
2021-10-26,418.0,14629.56
2021-10-27,437.0,15975.24
2021-10-28,422.0,15414.58
2021-10-29,638.0,22446.78
2021-10-30,797.0,29363.88
2021-10-31,768.0,30324.84
2021-11-01,569.0,21443.67
2021-11-02,407.0,14929.11
2021-11-03,441.0,15653.04
2021-11-04,400.0,13638.42
2021-11-05,521.0,19312.89
2021-11-06,863.0,33639.4
2021-11-07,722.0,27425.77
2021-11-08,382.0,13346.74
2021-11-09,408.0,14263.49
2021-11-10,465.0,15799.99
2021-11-11,634.0,15399.48
2021-11-12,558.0,20972.02
2021-11-13,901.0,34307.46
2021-11-14,690.0,26908.28
2021-11-15,423.0,14724.09
2021-11-16,402.0,13863.16
2021-11-17,387.0,14414.24
2021-11-18,443.0,14699.85
2021-11-19,674.0,25522.1
2021-11-20,844.0,32797.16
2021-11-21,670.0,28268.92
2021-11-22,344.0,12690.1
2021-11-23,390.0,14438.89
2021-11-24,404.0,13628.72
2021-11-25,420.0,16080.82
2021-11-26,653.0,23673.94
2021-11-27,873.0,33005.2
2021-11-28,699.0,28551.28
2021-11-29,443.0,15121.11
2021-11-30,392.0,13992.17
2021-12-01,525.0,16712.69
2021-12-02,442.0,15481.91
2021-12-03,646.0,22151.19
2021-12-04,826.0,29488.06
2021-12-05,674.0,26611.6
2021-12-06,445.0,14640.97
2021-12-07,568.0,20135.61
2021-12-08,284.0,10168.55
2021-12-09,482.0,16689.72
2021-12-10,462.0,17095.45
2021-12-11,837.0,29332.65
2021-12-12,673.0,27400.56
2021-12-13,462.0,15403.1
2021-12-14,495.0,17487.91
2021-12-15,687.0,24769.99
2021-12-16,620.0,20939.69
2021-12-17,732.0,27031.84
2021-12-18,1005.0,39393.93
2021-12-19,853.0,34185.34
2021-12-20,640.0,21180.74
2021-12-21,705.0,25094.72
2021-12-22,669.0,24576.18
2021-12-23,804.0,32215.62
2021-12-24,488.0,19001.3
2021-12-25,174.0,6599.89
2021-12-26,636.0,23309.05
2021-12-27,659.0,24186.08
2021-12-28,699.0,27082.97
2021-12-29,652.0,21935.78
2021-12-30,509.0,19219.76
2021-12-31,230.0,9129.99
2022-01-01,493.0,19301.19
2022-01-02,660.0,27345.71
2022-01-03,515.0,19041.52
2022-01-04,441.0,17032.39
2022-01-05,590.0,21983.18
2022-01-06,634.0,24540.73
2022-01-07,579.0,23018.27
2022-01-08,656.0,23931.65
2022-01-09,600.0,24449.04
2022-01-10,330.0,11038.9
2022-01-11,413.0,15197.99
2022-01-12,405.0,14736.7
2022-01-13,452.0,15394.27
2022-01-14,642.0,23020.14
2022-01-15,778.0,30744.64
2022-01-16,691.0,28026.8
2022-01-17,369.0,13352.48
2022-01-18,448.0,16702.98
2022-01-19,420.0,15609.3
2022-01-20,340.0,12187.94
2022-01-21,523.0,19911.5
2022-01-22,684.0,28044.74
2022-01-23,623.0,26077.62
2022-01-24,358.0,12999.32
2022-01-25,334.0,11845.74
2022-01-26,359.0,14211.26
2022-01-27,390.0,15167.1
2022-01-28,627.0,22807.2
2022-01-29,818.0,32922.86
2022-01-30,629.0,25099.18
2022-01-31,362.0,12809.72
2022-02-01,393.0,14857.19
2022-02-02,409.0,14672.11
2022-02-03,385.0,13592.37
2022-02-04,503.0,17817.42
2022-02-05,698.0,27316.6
2022-02-06,620.0,25631.74
2022-02-07,366.0,12714.34
2022-02-08,376.0,13068.31
2022-02-09,430.0,15533.11
2022-02-10,400.0,14548.37
2022-02-11,568.0,20123.97
2022-02-12,796.0,30225.34
2022-02-13,660.0,27290.39
2022-02-14,404.0,15336.11
2022-02-15,329.0,12125.04
2022-02-16,375.0,14284.55
2022-02-17,442.0,15798.31
2022-02-18,541.0,19228.59
2022-02-19,896.0,31664.85
2022-02-20,735.0,27628.22
2022-02-21,389.0,12821.89
2022-02-22,413.0,14246.7
2022-02-23,405.0,14330.28
2022-02-24,419.0,13824.56
2022-02-25,596.0,21132.07
2022-02-26,833.0,30226.0
2022-02-27,732.0,27533.72
2022-02-28,545.0,18443.41
2022-03-01,407.0,15576.82
2022-03-02,382.0,13193.39
2022-03-03,458.0,16457.38
2022-03-04,569.0,19501.12
2022-03-05,722.0,27785.94
2022-03-06,711.0,29446.87
2022-03-07,395.0,13715.36
2022-03-08,371.0,13919.88
2022-03-09,396.0,14325.51
2022-03-10,414.0,15235.08
2022-03-11,529.0,20571.5
2022-03-12,698.0,28683.81
2022-03-13,683.0,26419.19
2022-03-14,341.0,12025.1
2022-03-15,428.0,15181.7
2022-03-16,418.0,14969.7
2022-03-17,411.0,14601.32
2022-03-18,547.0,19442.31
2022-03-19,738.0,29734.91
2022-03-20,628.0,24936.76
2022-03-21,373.0,12890.34
2022-03-22,440.0,15291.0
2022-03-23,469.0,16463.87
2022-03-24,391.0,12926.16
2022-03-25,612.0,21457.8
2022-03-26,795.0,30015.77
2022-03-27,705.0,27786.81
2022-03-28,378.0,12959.08
2022-03-29,366.0,12794.5
2022-03-30,389.0,13639.2
2022-03-31,456.0,15433.02
2022-04-01,600.0,22881.46
2022-04-02,789.0,29718.56
2022-04-03,644.0,25179.96
2022-04-04,360.0,12350.33
2022-04-05,429.0,14855.29
2022-04-06,463.0,15746.95
2022-04-07,445.0,16634.56
2022-04-08,543.0,20920.47
2022-04-09,775.0,30818.58
2022-04-10,709.0,27869.46
2022-04-11,416.0,13416.44
2022-04-12,425.0,14916.31
2022-04-13,598.0,21584.28
2022-04-14,667.0,24007.74
2022-04-15,642.0,22966.69
2022-04-16,763.0,30688.07
2022-04-17,251.0,9985.53
2022-04-18,513.0,19418.47
2022-04-19,479.0,18341.98
2022-04-20,458.0,16032.12
2022-04-21,478.0,16383.96
2022-04-22,558.0,20816.83
2022-04-23,759.0,29923.14
2022-04-24,751.0,29996.65
2022-04-25,596.0,25998.27
2022-04-26,388.0,12816.59
2022-04-27,395.0,14105.96
2022-04-28,491.0,17515.77
2022-04-29,588.0,23245.15
2022-04-30,856.0,31369.23
2022-05-01,655.0,25447.53
2022-05-02,408.0,13856.39
2022-05-03,465.0,15878.77
2022-05-04,608.0,20633.71
2022-05-05,531.0,19282.85
2022-05-06,721.0,27089.31
2022-05-07,984.0,37554.75
2022-05-08,800.0,29803.11
2022-05-09,388.0,13476.53
2022-05-10,409.0,13597.37
2022-05-11,455.0,16461.68
2022-05-12,493.0,16721.02
2022-05-13,638.0,23605.14
2022-05-14,741.0,26090.5
2022-05-15,678.0,26370.4
2022-05-16,436.0,13651.53
2022-05-17,481.0,16154.46
2022-05-18,494.0,15945.6
2022-05-19,429.0,15306.1
2022-05-20,496.0,17876.48
2022-05-21,748.0,29720.03
2022-05-22,655.0,25773.26
2022-05-23,365.0,13273.42
2022-05-24,430.0,16054.86
2022-05-25,423.0,14699.19
2022-05-26,456.0,15125.39
2022-05-27,459.0,16296.07
2022-05-28,659.0,24875.98
2022-05-29,690.0,29466.68
2022-05-30,573.0,16006.54
2022-05-31,437.0,16272.2
2022-06-01,536.0,20456.62
2022-06-02,696.0,27195.17
2022-06-03,672.0,25584.0
2022-06-04,624.0,21920.43
2022-06-05,693.0,26315.61
2022-06-06,583.0,17373.5
2022-06-07,476.0,16690.72
2022-06-08,643.0,24401.46
2022-06-09,562.0,19995.3
2022-06-10,617.0,21555.52
2022-06-11,715.0,28612.49
2022-06-12,687.0,28098.16
2022-06-13,515.0,18410.31
2022-06-14,506.0,17815.23
2022-06-15,631.0,19826.51
2022-06-16,579.0,18389.9
2022-06-17,658.0,22225.32
2022-06-18,776.0,27791.96
2022-06-19,703.0,26944.01
2022-06-20,563.0,17940.25
2022-06-21,515.0,18806.86
2022-06-22,737.0,25606.62
2022-06-23,510.0,18306.16
2022-06-24,617.0,22653.07
2022-06-25,680.0,26641.34
2022-06-26,721.0,24681.7
2022-06-27,579.0,18130.26
2022-06-28,548.0,18640.97
2022-06-29,609.0,19412.42
2022-06-30,508.0,17234.66
2022-07-01,601.0,20668.13
2022-07-02,731.0,27250.2
2022-07-03,684.0,26413.98
2022-07-04,458.0,16120.2
2022-07-05,551.0,19965.04
2022-07-06,736.0,26629.11
2022-07-07,559.0,21125.43
2022-07-08,575.0,21670.18
2022-07-09,780.0,33338.67
2022-07-10,720.0,32205.17
2022-07-11,551.0,20322.74
2022-07-12,559.0,20360.5
2022-07-13,545.0,21534.08
2022-07-14,595.0,23663.36
2022-07-15,619.0,24227.27
2022-07-16,791.0,31549.32
2022-07-17,768.0,32597.76
2022-07-18,625.0,20639.36
2022-07-19,530.0,19890.59
2022-07-20,616.0,23568.14
2022-07-21,602.0,21641.51
2022-07-22,579.0,21886.8
2022-07-23,805.0,32733.82
2022-07-24,760.0,29643.31
2022-07-25,474.0,17208.98
2022-07-26,477.0,16848.16
2022-07-27,529.0,18003.24
2022-07-28,516.0,19624.64
2022-07-29,634.0,23851.31
2022-07-30,716.0,28658.29
2022-07-31,680.0,28686.25
2022-08-01,572.0,21487.88
2022-08-02,513.0,18983.36
2022-08-03,556.0,19879.36
2022-08-04,561.0,20919.76
2022-08-05,572.0,20663.73
2022-08-06,712.0,27705.38
2022-08-07,709.0,27067.72
2022-08-08,584.0,22016.12
2022-08-09,601.0,21315.87
2022-08-10,639.0,19452.26
2022-08-11,563.0,21978.84
2022-08-12,654.0,25357.11
2022-08-13,651.0,25115.53
2022-08-14,622.0,24686.53
2022-08-15,231.0,9491.32
2022-08-16,605.0,22015.25
2022-08-17,579.0,22965.7
2022-08-18,762.0,29529.58
2022-08-19,735.0,26875.37
2022-08-20,643.0,25575.58
2022-08-21,663.0,26646.27
2022-08-22,502.0,19402.31
2022-08-23,514.0,18736.5
2022-08-24,562.0,22092.31
2022-08-25,556.0,20786.94
2022-08-26,533.0,21278.24
2022-08-27,611.0,25901.68
2022-08-28,653.0,25900.34
2022-08-29,517.0,18458.79
2022-08-30,560.0,20321.03
2022-08-31,597.0,23192.99
2022-09-01,686.0,24941.31
2022-09-02,662.0,24657.14
2022-09-03,827.0,33423.84
2022-09-04,839.0,35415.84
2022-09-05,575.0,20555.15
2022-09-06,539.0,19248.06
2022-09-07,567.0,21111.48
2022-09-08,590.0,22489.83
2022-09-09,679.0,26184.07
2022-09-10,755.0,30551.2
2022-09-11,785.0,31235.76
2022-09-12,580.0,24052.7
2022-09-13,547.0,20077.14
2022-09-14,474.0,17147.46
2022-09-15,527.0,19583.09
2022-09-16,658.0,24744.5
2022-09-17,852.0,33071.1
2022-09-18,833.0,31533.53
2022-09-19,528.0,17703.22
2022-09-20,509.0,17484.36
2022-09-21,573.0,19936.8
2022-09-22,625.0,20087.15
2022-09-23,721.0,27392.23
2022-09-24,921.0,36233.59
2022-09-25,862.0,33372.89
2022-09-26,533.0,17138.38
2022-09-27,458.0,15374.74
2022-09-28,490.0,16510.82
2022-09-29,585.0,20438.34
2022-09-30,650.0,22863.55
2022-10-01,935.0,35468.13
2022-10-02,910.0,35158.22
2022-10-03,410.0,13821.1
2022-10-04,438.0,15039.65
2022-10-05,490.0,17480.7
2022-10-06,437.0,15623.84
2022-10-07,641.0,20960.13
2022-10-08,912.0,35184.68
2022-10-09,954.0,36329.22
2022-10-10,445.0,16269.65
2022-10-11,444.0,15496.6
2022-10-12,483.0,17497.46
2022-10-13,475.0,16836.77
2022-10-14,684.0,24792.27
2022-10-15,915.0,35793.58
2022-10-16,821.0,32556.95
2022-10-17,456.0,16352.08
2022-10-18,461.0,16179.63
2022-10-19,460.0,16546.73
2022-10-20,527.0,17869.33
2022-10-21,688.0,23802.36
2022-10-22,971.0,36872.28
2022-10-23,903.0,35698.32
2022-10-24,469.0,16326.65
2022-10-25,432.0,15337.14
2022-10-26,423.0,14636.89
2022-10-27,514.0,18455.36
2022-10-28,677.0,25521.57
2022-10-29,1002.0,38731.37
2022-10-30,987.0,38118.41
2022-10-31,960.0,34721.7
2022-11-01,756.0,29890.29
2022-11-02,407.0,14783.68
2022-11-03,445.0,15559.28
2022-11-04,635.0,24301.71
2022-11-05,888.0,33382.19
2022-11-06,639.0,26072.12
2022-11-07,472.0,15487.59
2022-11-08,464.0,16450.51
2022-11-09,509.0,18490.68
2022-11-10,486.0,17591.46
2022-11-11,720.0,26053.56
2022-11-12,986.0,39968.64
2022-11-13,900.0,35867.86
2022-11-14,449.0,16886.28
2022-11-15,531.0,19307.5
2022-11-16,464.0,18528.21
2022-11-17,428.0,14832.17
2022-11-18,722.0,26691.94
2022-11-19,1116.0,42570.22
2022-11-20,932.0,37798.99
2022-11-21,478.0,16291.8
2022-11-22,499.0,18015.19
2022-11-23,478.0,16461.31
2022-11-24,497.0,18736.75
2022-11-25,726.0,26867.57
2022-11-26,1033.0,41373.26
2022-11-27,901.0,37037.96
2022-11-28,453.0,15707.95
2022-11-29,499.0,17516.65
2022-11-30,452.0,16324.31
2022-12-01,672.0,20999.44
2022-12-02,766.0,26527.55
2022-12-03,1050.0,40238.83
2022-12-04,938.0,38528.54
2022-12-05,465.0,15501.25
2022-12-06,585.0,19303.78
2022-12-07,688.0,24377.84
2022-12-08,905.0,34872.27
2022-12-09,929.0,33777.56
2022-12-10,897.0,34368.95
2022-12-11,891.0,35668.4
2022-12-12,507.0,18239.71
2022-12-13,484.0,18040.62
2022-12-14,744.0,23981.47
2022-12-15,636.0,23799.92
2022-12-16,905.0,35663.25
2022-12-17,1164.0,54103.64
2022-12-18,1029.0,41506.61
2022-12-19,660.0,22932.97
2022-12-20,671.0,26487.58
2022-12-21,832.0,29583.84
2022-12-22,867.0,32621.69
2022-12-23,1073.0,41498.12
2022-12-24,720.0,27679.45
2022-12-25,321.0,12399.19
2022-12-26,956.0,37927.31
2022-12-27,903.0,34009.72
2022-12-28,869.0,33192.74
2022-12-29,794.0,30842.32
2022-12-30,894.0,34847.16
2022-12-31,345.0,14745.74
2023-01-01,656.0,27393.88
2023-01-02,789.0,29788.2
2023-01-03,690.0,27900.6
2023-01-04,668.0,27020.35
2023-01-05,820.0,34243.15
2023-01-06,929.0,38613.15
2023-01-07,954.0,40767.64
2023-01-08,731.0,30389.11
2023-01-09,438.0,15867.82
2023-01-10,419.0,20081.01
2023-01-11,520.0,20152.49
2023-01-12,539.0,20037.26
2023-01-13,705.0,27489.7
2023-01-14,1112.0,42623.97
2023-01-15,875.0,37378.97
2023-01-16,386.0,14350.32
2023-01-17,401.0,14654.33
2023-01-18,496.0,19063.51
2023-01-19,372.0,13535.87
2023-01-20,720.0,28214.04
2023-01-21,1089.0,43939.62
2023-01-22,924.0,40535.1
2023-01-23,438.0,15174.31
2023-01-24,488.0,17289.48
2023-01-25,435.0,16474.38
2023-01-26,473.0,16837.14
2023-01-27,704.0,26630.6
2023-01-28,1165.0,41620.27
2023-01-29,898.0,37027.72
2023-01-30,414.0,15046.51
2023-01-31,401.0,15407.75
2023-02-01,453.0,16462.62
2023-02-02,493.0,17566.01
2023-02-03,669.0,25321.92
2023-02-04,1170.0,42069.58
2023-02-05,818.0,34597.34
2023-02-06,435.0,15402.16
2023-02-07,450.0,15126.45
2023-02-08,450.0,17722.41
2023-02-09,503.0,19226.16
2023-02-10,686.0,27315.35
2023-02-11,991.0,40073.97
2023-02-12,805.0,33208.41
2023-02-13,466.0,18276.59
2023-02-14,595.0,23067.47
2023-02-15,588.0,20841.6
2023-02-16,463.0,17622.7
2023-02-17,689.0,26294.42
2023-02-18,1011.0,39140.09
2023-02-19,855.0,34442.05
2023-02-20,617.0,23094.24
2023-02-21,557.0,21440.95
2023-02-22,452.0,16365.65
2023-02-23,464.0,16718.43
2023-02-24,748.0,26885.79
2023-02-25,999.0,38481.36
2023-02-26,744.0,29841.71
2023-02-27,426.0,14682.6
2023-02-28,445.0,15999.05
2023-03-01,460.0,16607.79
2023-03-02,532.0,19555.1
2023-03-03,805.0,28198.59
2023-03-04,1072.0,42405.07
2023-03-05,925.0,37061.29
2023-03-06,434.0,15146.48
2023-03-07,441.0,15379.79
2023-03-08,624.0,24473.12
2023-03-09,494.0,17281.84
2023-03-10,799.0,26512.51
2023-03-11,1112.0,43145.79
2023-03-12,850.0,35232.79
2023-03-13,388.0,14031.7
2023-03-14,442.0,16004.35
2023-03-15,501.0,20413.04
2023-03-16,463.0,16668.1
2023-03-17,786.0,29606.46
2023-03-18,989.0,40297.08
2023-03-19,731.0,31591.19
2023-03-20,371.0,13959.19
2023-03-21,495.0,19584.55
2023-03-22,493.0,21038.25
2023-03-23,515.0,19292.93
2023-03-24,797.0,30048.47
2023-03-25,1006.0,42925.68
2023-03-26,937.0,39516.58
2023-03-27,485.0,17813.05
2023-03-28,486.0,17896.01
2023-03-29,544.0,19244.66
2023-03-30,560.0,21041.87
2023-03-31,717.0,26470.11
2023-04-01,1030.0,40203.85
2023-04-02,823.0,34603.64
2023-04-03,558.0,14921.71
2023-04-04,465.0,17758.1
2023-04-05,679.0,26853.84
2023-04-06,834.0,33020.83
2023-04-07,1051.0,36686.96
2023-04-08,993.0,39729.3
2023-04-09,347.0,13745.04
2023-04-10,687.0,26180.2
2023-04-11,638.0,25639.79
2023-04-12,516.0,20303.34
2023-04-13,538.0,21651.36
2023-04-14,949.0,34078.79
2023-04-15,1083.0,41964.44
2023-04-16,826.0,36841.65
2023-04-17,451.0,18089.39
2023-04-18,497.0,18346.85
2023-04-19,494.0,17933.14
2023-04-20,558.0,21627.72
2023-04-21,752.0,29639.63
2023-04-22,984.0,42547.88
2023-04-23,954.0,40039.9
2023-04-24,848.0,34142.94
2023-04-25,734.0,31008.81
2023-04-26,396.0,14712.61
2023-04-27,509.0,16946.06
2023-04-28,728.0,27798.01
2023-04-29,1021.0,40118.89
2023-04-30,930.0,38974.92
2023-05-01,797.0,33158.74
2023-05-02,509.0,18326.91
2023-05-03,593.0,21666.65
2023-05-04,557.0,19763.05
2023-05-05,700.0,27510.85
2023-05-06,819.0,32218.09
2023-05-07,740.0,31646.72
2023-05-08,451.0,16481.12
2023-05-09,462.0,18182.89
2023-05-10,480.0,19000.99
2023-05-11,515.0,20076.76
2023-05-12,722.0,28575.77
2023-05-13,971.0,37534.66
2023-05-14,763.0,33285.16
2023-05-15,488.0,18553.08
2023-05-16,455.0,16347.93
2023-05-17,506.0,19222.94
2023-05-18,598.0,22243.88
2023-05-19,731.0,28356.99
2023-05-20,1132.0,45254.32
2023-05-21,828.0,33898.86
2023-05-22,473.0,16864.01
2023-05-23,480.0,17682.26
2023-05-24,504.0,19774.15
2023-05-25,506.0,18500.54
2023-05-26,717.0,27938.04
2023-05-27,960.0,36579.38
2023-05-28,863.0,34371.67
2023-05-29,441.0,16074.93
2023-05-30,486.0,17881.09
2023-05-31,504.0,20283.56
2023-06-01,646.0,24891.24
2023-06-02,899.0,35300.68
2023-06-03,863.0,35068.33
2023-06-04,795.0,33033.16
2023-06-05,573.0,18329.56
2023-06-06,510.0,18170.51
2023-06-07,607.0,20677.14
2023-06-08,679.0,26938.89
2023-06-09,629.0,24158.28
2023-06-10,894.0,34025.66
2023-06-11,914.0,33073.37
2023-06-12,631.0,22693.88
2023-06-13,692.0,25177.99
2023-06-14,780.0,24544.6
2023-06-15,645.0,25050.07
2023-06-16,791.0,28873.2
2023-06-17,773.0,31776.73
2023-06-18,838.0,34643.36
2023-06-19,624.0,20224.34
2023-06-20,682.0,23118.7
2023-06-21,634.0,22380.6
2023-06-22,605.0,21352.47
2023-06-23,657.0,24240.9
2023-06-24,824.0,34455.5
2023-06-25,854.0,29959.05
2023-06-26,607.0,19763.02
2023-06-27,600.0,21009.96
2023-06-28,590.0,22143.54
2023-06-29,657.0,22897.93
2023-06-30,766.0,30285.68
2023-07-01,865.0,34719.36
2023-07-02,770.0,29971.16
2023-07-03,563.0,20448.85
2023-07-04,544.0,20782.23
2023-07-05,586.0,22171.69
2023-07-06,701.0,26142.85
2023-07-07,703.0,29086.98
2023-07-08,870.0,37945.44
2023-07-09,779.0,32714.82
2023-07-10,552.0,21433.65
2023-07-11,576.0,22784.39
2023-07-12,670.0,26832.16
2023-07-13,747.0,28008.83
2023-07-14,690.0,28062.12
2023-07-15,830.0,37392.86
2023-07-16,834.0,34581.92
2023-07-17,556.0,21599.6
2023-07-18,544.0,21592.77
2023-07-19,638.0,24162.43
2023-07-20,840.0,31736.7
2023-07-21,869.0,34618.37
2023-07-22,926.0,39307.29
2023-07-23,907.0,37338.23
2023-07-24,713.0,27312.17
2023-07-25,670.0,26703.08
2023-07-26,622.0,25948.48
2023-07-27,616.0,23537.09
2023-07-28,763.0,27334.85
2023-07-29,867.0,33634.63
2023-07-30,876.0,36832.79
2023-07-31,572.0,22214.34
2023-08-01,638.0,23787.75
2023-08-02,666.0,25952.41
2023-08-03,679.0,24287.08
2023-08-04,748.0,27885.78
2023-08-05,861.0,35086.15
2023-08-06,752.0,31875.48
2023-08-07,613.0,22983.23
2023-08-08,569.0,22154.75
2023-08-09,645.0,24913.11
2023-08-10,580.0,21740.72
2023-08-11,702.0,25995.56
2023-08-12,703.0,27913.67
2023-08-13,666.0,27743.1
2023-08-14,663.0,26152.03
2023-08-15,275.0,11607.4
2023-08-16,592.0,22450.96
2023-08-17,594.0,25133.19
2023-08-18,631.0,23347.96
2023-08-19,719.0,28081.34
2023-08-20,645.0,27306.43
2023-08-21,563.0,22549.49
2023-08-22,575.0,22264.07
2023-08-23,745.0,28437.83
2023-08-24,691.0,26495.45
2023-08-25,713.0,26315.95
2023-08-26,827.0,34539.8
2023-08-27,1013.0,40463.59
2023-08-28,778.0,29490.15
2023-08-29,679.0,25709.58
2023-08-30,711.0,26964.76
2023-08-31,663.0,23625.54
2023-09-01,665.0,26540.69
2023-09-02,904.0,36117.37
2023-09-03,814.0,33597.41
2023-09-04,523.0,19339.48
2023-09-05,683.0,25198.15
2023-09-06,686.0,26161.42
2023-09-07,638.0,24496.12
2023-09-08,760.0,29566.37
2023-09-09,970.0,38193.95
2023-09-10,752.0,30235.11
2023-09-11,681.0,25535.55
2023-09-12,599.0,25447.31
2023-09-13,588.0,21311.6
2023-09-14,507.0,18956.56
2023-09-15,770.0,29512.52
2023-09-16,993.0,39699.0
2023-09-17,887.0,37778.61
2023-09-18,487.0,19031.31
2023-09-19,524.0,19561.65
2023-09-20,512.0,20520.55
2023-09-21,607.0,21167.05
2023-09-22,728.0,27074.61
2023-09-23,978.0,37804.1
2023-09-24,853.0,33987.5
2023-09-25,472.0,15985.85
2023-09-26,470.0,17384.2
2023-09-27,467.0,16277.04
2023-09-28,544.0,21035.35
2023-09-29,787.0,29297.49
2023-09-30,1004.0,39975.84
2023-10-01,889.0,36646.46
2023-10-02,475.0,19381.22
2023-10-03,435.0,16462.12
2023-10-04,474.0,18853.63
2023-10-05,516.0,19167.44
2023-10-06,734.0,28009.08
2023-10-07,1015.0,38090.05
2023-10-08,723.0,30624.55
2023-10-09,449.0,16434.57
2023-10-10,467.0,17244.33
2023-10-11,512.0,18598.23
2023-10-12,488.0,18707.02
2023-10-13,777.0,30674.4
2023-10-14,1043.0,41182.07
2023-10-15,815.0,35396.09
2023-10-16,480.0,15844.02
2023-10-17,444.0,16676.31
2023-10-18,554.0,20535.84
2023-10-19,461.0,17608.34
2023-10-20,738.0,28550.5
2023-10-21,1075.0,41736.02
2023-10-22,935.0,38792.83
2023-10-23,437.0,15814.97
2023-10-24,462.0,16215.73
2023-10-25,502.0,19168.91
2023-10-26,484.0,19259.17
2023-10-27,818.0,33157.27
2023-10-28,1095.0,43660.13
2023-10-29,915.0,38811.8
2023-10-30,469.0,19051.44
2023-10-31,967.0,37609.26
2023-11-01,867.0,36750.26
2023-11-02,542.0,19707.85
2023-11-03,799.0,32239.24
2023-11-04,977.0,38648.34
2023-11-05,929.0,41043.38
2023-11-06,454.0,16153.49
2023-11-07,426.0,16435.6
2023-11-08,494.0,18062.43
2023-11-09,459.0,18922.74
2023-11-10,735.0,27568.73
2023-11-11,1124.0,44159.98
2023-11-12,882.0,36012.82
2023-11-13,490.0,18016.75
2023-11-14,478.0,18429.9
2023-11-15,566.0,20594.28
2023-11-16,537.0,19596.84
2023-11-17,830.0,33401.47
2023-11-18,1120.0,46084.65
2023-11-19,926.0,37819.33
2023-11-20,418.0,15926.16
2023-11-21,471.0,18283.32
2023-11-22,511.0,19414.76
2023-11-23,487.0,19065.6
2023-11-24,826.0,31696.83
2023-11-25,1106.0,44838.58
2023-11-26,943.0,40473.17
2023-11-27,437.0,16348.21
2023-11-28,417.0,17134.42
2023-11-29,475.0,20081.88
2023-11-30,1170.0,30611.72
2023-12-01,1056.0,33356.17
2023-12-02,1418.0,49650.74
2023-12-03,1140.0,44574.94
2023-12-04,536.0,17680.1
2023-12-05,540.0,16723.98
2023-12-06,783.0,25656.51
2023-12-07,807.0,27092.61
2023-12-08,1050.0,36727.49
2023-12-09,1092.0,43270.87
2023-12-10,1009.0,36910.54
2023-12-11,698.0,20998.16
2023-12-12,568.0,19225.19
2023-12-13,763.0,22283.51
2023-12-14,668.0,21624.38
2023-12-15,960.0,38223.09
2023-12-16,1271.0,53724.43
2023-12-17,1209.0,46945.45
2023-12-18,749.0,23969.31
2023-12-19,603.0,22362.01
2023-12-20,963.0,34001.17
2023-12-21,889.0,33140.86
2023-12-22,1007.0,39791.23
2023-12-23,1287.0,49720.63
2023-12-24,682.0,23691.19
2023-12-25,320.0,11854.25
2023-12-26,925.0,36071.35
2023-12-27,871.0,33932.15
2023-12-28,884.0,35808.49
2023-12-29,889.0,35660.79
2023-12-30,1026.0,43214.53
2023-12-31,326.0,12804.64
2024-01-01,674.0,30039.89
2024-01-02,792.0,31088.96
2024-01-03,804.0,29934.72
2024-01-04,725.0,28648.62
2024-01-05,848.0,32476.45
2024-01-06,1013.0,41145.75
2024-01-07,804.0,33195.18
2024-01-08,412.0,13986.71
2024-01-09,445.0,15791.91
2024-01-10,484.0,19510.55
2024-01-11,549.0,22287.28
2024-01-12,844.0,32606.96
2024-01-13,1210.0,50723.81
2024-01-14,943.0,40402.44
2024-01-15,538.0,19160.64
2024-01-16,518.0,18275.24
2024-01-17,587.0,20549.88
2024-01-18,564.0,19759.37
2024-01-19,702.0,27937.45
2024-01-20,1171.0,45643.01
2024-01-21,902.0,37656.22
2024-01-22,477.0,18094.56
2024-01-23,503.0,18355.52
2024-01-24,483.0,17689.03
2024-01-25,517.0,18653.73
2024-01-26,779.0,28270.26
2024-01-27,1121.0,43156.12
2024-01-28,906.0,37173.96
2024-01-29,396.0,13977.72
2024-01-30,519.0,18541.1
2024-01-31,496.0,19184.88
2024-02-01,503.0,19578.06
2024-02-02,758.0,30807.47
2024-02-03,1012.0,39579.54
2024-02-04,934.0,39428.25
2024-02-05,408.0,14362.42
2024-02-06,419.0,15953.81
2024-02-07,490.0,18603.12
2024-02-08,463.0,17205.24
2024-02-09,694.0,26017.52
2024-02-10,1051.0,40645.18
2024-02-11,916.0,37904.01
2024-02-12,727.0,28148.89
2024-02-13,553.0,20486.82
2024-02-14,524.0,19550.17
2024-02-15,473.0,18040.9
2024-02-16,683.0,27641.58
2024-02-17,949.0,35885.49
2024-02-18,890.0,35383.8
2024-02-19,488.0,16738.18
2024-02-20,508.0,16868.28
2024-02-21,552.0,18673.42
2024-02-22,547.0,18897.81
2024-02-23,745.0,27437.34
2024-02-24,1157.0,42753.05
2024-02-25,875.0,36426.09
2024-02-26,405.0,14399.08
2024-02-27,458.0,16369.33
2024-02-28,502.0,18409.68
2024-02-29,485.0,17056.01
2024-03-01,696.0,24179.25
2024-03-02,1174.0,42317.37
2024-03-03,906.0,36718.59
2024-03-04,418.0,14438.89
2024-03-05,470.0,16647.51
2024-03-06,575.0,20575.71
2024-03-07,502.0,17919.38
2024-03-08,767.0,26421.78
2024-03-09,1049.0,37813.12
2024-03-10,844.0,31686.19
2024-03-11,345.0,12506.21
2024-03-12,490.0,17184.87
2024-03-13,530.0,18024.24
2024-03-14,512.0,18864.36
2024-03-15,739.0,28109.55
2024-03-16,1107.0,40075.0
2024-03-17,883.0,34681.7
2024-03-18,493.0,17109.27
2024-03-19,491.0,18239.02
2024-03-20,496.0,18533.74
2024-03-21,489.0,17399.99
2024-03-22,814.0,29669.58
2024-03-23,1021.0,39563.94
2024-03-24,831.0,33232.46
2024-03-25,434.0,15289.78
2024-03-26,532.0,18638.94
2024-03-27,582.0,21881.25
2024-03-28,715.0,28145.02
2024-03-29,816.0,30475.47
2024-03-30,1065.0,40274.27
2024-03-31,361.0,13343.68
2024-04-01,735.0,28599.07
2024-04-02,577.0,22282.79
2024-04-03,483.0,18763.9
2024-04-04,504.0,18430.78
2024-04-05,679.0,26255.95
2024-04-06,1049.0,41874.3
2024-04-07,825.0,33632.6
2024-04-08,458.0,15795.97
2024-04-09,493.0,16458.84
2024-04-10,625.0,22405.28
2024-04-11,523.0,19488.58
2024-04-12,709.0,26265.78
2024-04-13,975.0,35930.29
2024-04-14,819.0,32005.93
2024-04-15,448.0,15670.57
2024-04-16,465.0,17236.16
2024-04-17,495.0,18968.35
2024-04-18,575.0,21941.15
2024-04-19,682.0,27949.74
2024-04-20,1062.0,40164.45
2024-04-21,887.0,37615.81
2024-04-22,483.0,17442.55
2024-04-23,490.0,17306.86
2024-04-24,643.0,25776.22
2024-04-25,0.0,31432.88
2024-04-26,739.0,29505.37
2024-04-27,900.0,36225.63
2024-04-28,877.0,37360.53
2024-04-29,503.0,17234.22
2024-04-30,606.0,22008.57
2024-05-01,858.0,35421.27
2024-05-02,438.0,15815.28
2024-05-03,684.0,26763.98
2024-05-04,833.0,32777.16
2024-05-05,723.0,29619.35
2024-05-06,495.0,17434.44
2024-05-07,504.0,17196.1
2024-05-08,518.0,18909.17
2024-05-09,0.0,0.0
2024-05-10,0.0,0.0
2024-05-11,0.0,0.0
2024-05-12,0.0,0.0
2024-05-13,0.0,0.0
2024-05-14,0.0,0.0
2024-05-15,0.0,0.0
2024-05-16,0.0,0.0
2024-05-17,0.0,0.0
2024-05-18,0.0,0.0
2024-05-19,0.0,0.0
2024-05-20,0.0,0.0
2024-05-21,0.0,0.0
2024-05-22,0.0,0.0
2024-05-23,0.0,0.0
2024-05-24,0.0,0.0
2024-05-25,0.0,0.0
2024-05-26,0.0,0.0
2024-05-27,0.0,0.0
2024-05-28,0.0,0.0
2024-05-29,0.0,0.0
2024-05-30,0.0,0.0
2024-05-31,0.0,0.0
